order_id,customer_id,order_date,category,quantity,unit_price
1,377,2024-09-30,Giyim,2,715.69
2,155,2024-10-02,Gıda,2,247.33
3,377,2024-10-03,Giyim,1,640.54
4,318,2024-10-03,Giyim,1,1003.24
5,291,2024-10-03,Kitap & Kırtasiye,2,213.9
6,254,2024-10-04,Gıda,1,356.73
7,264,2024-10-05,Giyim,2,1056.9
8,23,2024-10-05,Gıda,2,59.65
9,405,2024-10-06,Ev & Yaşam,1,2141.3
10,65,2024-10-06,Kozmetik,3,616.41
11,308,2024-10-06,Giyim,1,292.42
12,121,2024-10-07,Ev & Yaşam,4,590.06
13,185,2024-10-08,Gıda,4,202.76
14,311,2024-10-08,Gıda,1,378.73
15,219,2024-10-09,Gıda,1,351.93
16,197,2024-10-10,Giyim,2,1392.41
17,194,2024-10-10,Giyim,1,759.93
18,207,2024-10-10,Gıda,1,173.51
19,385,2024-10-13,Gıda,1,50.9
20,196,2024-10-14,Giyim,2,813.98
21,291,2024-10-16,Ev & Yaşam,1,2134.62
22,50,2024-10-16,Gıda,2,145.98
23,486,2024-10-16,Gıda,1,78.81
24,421,2024-10-17,Gıda,1,137.07
25,217,2024-10-18,Gıda,1,266.47
26,478,2024-10-18,Elektronik,1,6779.57
27,207,2024-10-19,Gıda,3,370.51
28,469,2024-10-20,Gıda,2,51.95
29,207,2024-10-20,Gıda,1,202.64
30,366,2024-10-21,Elektronik,1,20233.54
31,377,2024-10-22,Giyim,3,1464.85
32,494,2024-10-22,Gıda,2,310.18
33,254,2024-10-22,Elektronik,1,2046.08
34,377,2024-10-23,Kozmetik,1,531.26
35,311,2024-10-23,Gıda,4,176.38
36,191,2024-10-23,Giyim,1,1453.13
37,91,2024-10-24,Kitap & Kırtasiye,1,128.84
38,118,2024-10-24,Gıda,1,242.98
39,97,2024-10-24,Elektronik,1,10869.49
40,317,2024-10-26,Kozmetik,1,340.94
41,317,2024-10-26,Giyim,3,1122.71
42,494,2024-10-27,Kitap & Kırtasiye,2,103.03
43,264,2024-10-27,Kozmetik,3,566.96
44,418,2024-10-27,Gıda,2,117.13
45,368,2024-10-28,Gıda,1,123.59
46,50,2024-10-28,Gıda,3,292.44
47,123,2024-10-29,Gıda,1,212.29
48,36,2024-10-30,Gıda,4,100.21
49,436,2024-10-31,Gıda,2,394.46
50,269,2024-11-02,Gıda,1,384.95
51,50,2024-11-03,Kozmetik,2,690.17
52,191,2024-11-03,Gıda,1,79.78
53,332,2024-11-04,Kozmetik,1,450.51
54,352,2024-11-04,Giyim,1,1454.03
55,368,2024-11-05,Kozmetik,4,249.91
56,425,2024-11-06,Giyim,2,1353.25
57,387,2024-11-06,Ev & Yaşam,4,1133.7
58,377,2024-11-06,Kitap & Kırtasiye,1,319.17
59,377,2024-11-08,Ev & Yaşam,2,2937.44
60,332,2024-11-09,Elektronik,1,17580.92
61,308,2024-11-09,Elektronik,1,22758.79
62,488,2024-11-11,Elektronik,1,2519.07
63,16,2024-11-12,Ev & Yaşam,2,1000.32
64,91,2024-11-13,Elektronik,1,19714.64
65,386,2024-11-13,Elektronik,1,11391.79
66,123,2024-11-13,Gıda,3,392.48
67,128,2024-11-13,Ev & Yaşam,2,1660.54
68,203,2024-11-13,Ev & Yaşam,1,396.71
69,368,2024-11-14,Gıda,4,50.11
70,74,2024-11-14,Giyim,3,744.51
71,436,2024-11-15,Giyim,3,1101.91
72,14,2024-11-16,Kitap & Kırtasiye,2,333.26
73,215,2024-11-17,Giyim,2,1059.08
74,217,2024-11-17,Kozmetik,3,402.16
75,136,2024-11-18,Giyim,1,1040.85
76,213,2024-11-18,Kozmetik,1,204.82
77,497,2024-11-19,Gıda,2,323.14
78,403,2024-11-19,Gıda,1,58.49
79,377,2024-11-20,Gıda,2,251.83
80,55,2024-11-21,Elektronik,1,2056.68
81,444,2024-11-21,Giyim,2,800.07
82,425,2024-11-22,Gıda,1,170.44
83,328,2024-11-22,Gıda,2,289.67
84,278,2024-11-22,Kozmetik,1,797.23
85,91,2024-11-22,Gıda,1,365.0
86,215,2024-11-23,Kozmetik,4,759.49
87,221,2024-11-24,Giyim,2,707.86
88,465,2024-11-24,Kitap & Kırtasiye,1,390.6
89,171,2024-11-24,Giyim,1,890.8
90,290,2024-11-24,Gıda,3,134.32
91,444,2024-11-25,Gıda,1,282.59
92,252,2024-11-25,Ev & Yaşam,1,2357.05
93,377,2024-11-26,Kitap & Kırtasiye,3,165.8
94,324,2024-11-28,Kozmetik,1,143.6
95,217,2024-11-29,Gıda,1,296.88
96,55,2024-11-29,Gıda,1,341.35
97,30,2024-11-30,Giyim,1,338.58
98,191,2024-12-01,Elektronik,1,18443.46
99,171,2024-12-01,Gıda,2,347.98
100,418,2024-12-02,Kitap & Kırtasiye,1,186.62
101,81,2024-12-03,Giyim,2,388.27
102,322,2024-12-05,Ev & Yaşam,3,857.41
103,24,2024-12-07,Gıda,2,394.51
104,387,2024-12-07,Gıda,1,170.53
105,191,2024-12-07,Kozmetik,1,493.27
106,191,2024-12-08,Giyim,2,1123.16
107,207,2024-12-08,Gıda,2,359.62
108,386,2024-12-08,Kozmetik,1,883.9
109,379,2024-12-09,Kozmetik,2,157.72
110,350,2024-12-09,Kitap & Kırtasiye,1,201.85
111,369,2024-12-09,Elektronik,1,3102.49
112,481,2024-12-09,Kozmetik,2,129.67
113,469,2024-12-10,Gıda,1,212.28
114,71,2024-12-10,Giyim,1,775.5
115,250,2024-12-11,Kozmetik,4,883.83
116,448,2024-12-12,Elektronik,1,19810.39
117,118,2024-12-13,Kitap & Kırtasiye,1,44.85
118,191,2024-12-14,Giyim,2,970.42
119,221,2024-12-15,Kitap & Kırtasiye,1,71.54
120,118,2024-12-15,Kitap & Kırtasiye,1,244.66
121,50,2024-12-16,Ev & Yaşam,1,2965.83
122,81,2024-12-17,Gıda,1,306.82
123,496,2024-12-17,Gıda,3,386.28
124,254,2024-12-17,Gıda,1,202.11
125,118,2024-12-18,Kozmetik,2,241.89
126,247,2024-12-18,Kozmetik,1,868.83
127,377,2024-12-19,Gıda,2,325.43
128,469,2024-12-19,Giyim,1,995.95
129,481,2024-12-19,Gıda,3,51.09
130,194,2024-12-20,Gıda,3,103.09
131,74,2024-12-20,Gıda,2,360.27
132,371,2024-12-20,Elektronik,1,8170.75
133,379,2024-12-21,Gıda,2,357.04
134,87,2024-12-22,Giyim,1,1462.11
135,380,2024-12-22,Elektronik,1,1602.72
136,380,2024-12-22,Ev & Yaşam,1,2931.18
137,67,2024-12-23,Elektronik,1,7173.91
138,427,2024-12-23,Kitap & Kırtasiye,1,51.49
139,418,2024-12-25,Kozmetik,4,278.63
140,207,2024-12-25,Gıda,1,75.26
141,445,2024-12-26,Kozmetik,3,656.9
142,118,2024-12-26,Ev & Yaşam,1,2153.59
143,285,2024-12-27,Giyim,1,791.2
144,258,2024-12-27,Kozmetik,1,146.27
145,273,2024-12-27,Giyim,1,1082.4
146,13,2024-12-28,Kitap & Kırtasiye,2,163.32
147,217,2024-12-28,Gıda,2,391.96
148,421,2024-12-28,Gıda,1,243.51
149,361,2024-12-28,Giyim,1,271.26
150,30,2024-12-29,Giyim,3,906.5
151,425,2024-12-29,Giyim,3,395.69
152,379,2024-12-30,Giyim,2,715.86
153,221,2024-12-31,Ev & Yaşam,1,1344.82
154,128,2024-12-31,Gıda,1,107.25
155,325,2024-12-31,Giyim,3,1395.22
156,54,2025-01-01,Gıda,1,284.82
157,471,2025-01-02,Giyim,2,1231.1
158,258,2025-01-03,Gıda,3,256.97
159,317,2025-01-03,Elektronik,1,9210.45
160,178,2025-01-04,Giyim,1,1346.22
161,297,2025-01-04,Gıda,1,353.42
162,118,2025-01-04,Gıda,3,220.47
163,123,2025-01-05,Gıda,2,183.99
164,14,2025-01-05,Kozmetik,3,188.39
165,367,2025-01-05,Kozmetik,2,626.49
166,466,2025-01-06,Gıda,1,222.23
167,167,2025-01-06,Gıda,2,85.33
168,219,2025-01-08,Gıda,1,198.4
169,14,2025-01-08,Giyim,1,1472.31
170,339,2025-01-08,Giyim,2,1450.71
171,377,2025-01-09,Giyim,3,972.35
172,469,2025-01-09,Ev & Yaşam,2,656.3
173,442,2025-01-09,Kitap & Kırtasiye,1,82.33
174,50,2025-01-10,Ev & Yaşam,1,1305.71
175,13,2025-01-10,Gıda,2,141.1
176,469,2025-01-11,Kozmetik,1,474.64
177,390,2025-01-11,Gıda,1,264.64
178,31,2025-01-12,Giyim,1,654.05
179,361,2025-01-13,Gıda,3,382.68
180,219,2025-01-14,Gıda,2,320.9
181,425,2025-01-14,Kozmetik,1,584.35
182,422,2025-01-14,Ev & Yaşam,4,2953.22
183,425,2025-01-15,Giyim,1,1245.27
184,290,2025-01-15,Ev & Yaşam,1,920.83
185,155,2025-01-16,Kozmetik,1,438.15
186,7,2025-01-16,Kozmetik,1,409.96
187,219,2025-01-16,Gıda,3,59.61
188,134,2025-01-17,Gıda,3,364.41
189,121,2025-01-17,Gıda,3,278.88
190,217,2025-01-17,Gıda,1,109.74
191,444,2025-01-18,Giyim,1,332.33
192,16,2025-01-18,Gıda,2,361.86
193,379,2025-01-19,Gıda,1,193.46
194,121,2025-01-19,Elektronik,1,10572.9
195,43,2025-01-19,Kozmetik,4,672.61
196,151,2025-01-19,Gıda,1,272.3
197,486,2025-01-19,Giyim,2,1399.13
198,377,2025-01-19,Ev & Yaşam,1,2053.77
199,123,2025-01-20,Giyim,2,840.05
200,328,2025-01-20,Ev & Yaşam,1,347.37
201,207,2025-01-20,Kozmetik,2,879.85
202,13,2025-01-21,Ev & Yaşam,3,1442.06
203,252,2025-01-21,Giyim,1,1271.53
204,196,2025-01-21,Giyim,2,499.95
205,127,2025-01-22,Gıda,1,303.71
206,247,2025-01-22,Gıda,1,56.61
207,153,2025-01-22,Gıda,1,192.83
208,197,2025-01-22,Gıda,1,129.29
209,406,2025-01-23,Kozmetik,1,230.93
210,123,2025-01-24,Ev & Yaşam,1,2429.21
211,425,2025-01-24,Gıda,1,326.02
212,127,2025-01-24,Kitap & Kırtasiye,2,110.45
213,50,2025-01-24,Kitap & Kırtasiye,2,357.61
214,219,2025-01-25,Giyim,1,1161.6
215,50,2025-01-26,Gıda,1,205.08
216,74,2025-01-26,Gıda,3,288.8
217,284,2025-01-27,Gıda,2,151.28
218,266,2025-01-27,Gıda,1,184.97
219,418,2025-01-27,Ev & Yaşam,1,2641.68
220,419,2025-01-27,Gıda,1,109.34
221,153,2025-01-27,Giyim,1,1160.9
222,418,2025-01-28,Kozmetik,1,379.11
223,387,2025-01-28,Gıda,1,158.59
224,290,2025-01-29,Kitap & Kırtasiye,2,273.7
225,154,2025-01-29,Giyim,1,1288.92
226,469,2025-01-30,Gıda,3,114.59
227,486,2025-01-30,Giyim,1,393.96
228,444,2025-01-30,Gıda,2,155.37
229,91,2025-01-30,Giyim,3,1493.59
230,258,2025-01-31,Kozmetik,1,372.81
231,325,2025-01-31,Gıda,2,286.95
232,387,2025-01-31,Gıda,2,263.08
233,488,2025-02-01,Elektronik,1,17026.68
234,297,2025-02-02,Gıda,1,167.46
235,97,2025-02-02,Kozmetik,4,627.35
236,219,2025-02-03,Ev & Yaşam,3,1747.78
237,290,2025-02-03,Gıda,2,115.13
238,436,2025-02-04,Kozmetik,2,547.54
239,419,2025-02-04,Giyim,1,870.23
240,85,2025-02-04,Elektronik,1,10395.18
241,14,2025-02-05,Giyim,3,914.04
242,43,2025-02-06,Gıda,3,194.7
243,301,2025-02-07,Gıda,1,90.99
244,221,2025-02-07,Gıda,3,57.28
245,436,2025-02-07,Elektronik,1,15469.39
246,403,2025-02-07,Gıda,1,331.23
247,445,2025-02-08,Kitap & Kırtasiye,3,168.33
248,252,2025-02-08,Giyim,1,682.56
249,368,2025-02-09,Elektronik,1,6623.62
250,486,2025-02-10,Kozmetik,1,312.21
251,297,2025-02-11,Gıda,2,106.33
252,363,2025-02-11,Giyim,1,967.6
253,379,2025-02-11,Kitap & Kırtasiye,2,309.62
254,466,2025-02-11,Elektronik,1,6359.04
255,211,2025-02-11,Giyim,1,334.53
256,153,2025-02-12,Kozmetik,3,865.54
257,418,2025-02-13,Kozmetik,2,537.81
258,311,2025-02-13,Gıda,1,317.7
259,472,2025-02-14,Giyim,1,1108.16
260,219,2025-02-16,Kitap & Kırtasiye,1,102.07
261,108,2025-02-17,Ev & Yaşam,2,917.14
262,363,2025-02-17,Giyim,1,1172.98
263,104,2025-02-19,Gıda,1,125.55
264,442,2025-02-19,Gıda,1,104.21
265,377,2025-02-19,Giyim,1,750.95
266,468,2025-02-20,Kitap & Kırtasiye,3,387.38
267,459,2025-02-20,Gıda,3,191.91
268,124,2025-02-20,Kozmetik,1,855.76
269,387,2025-02-21,Kozmetik,1,100.74
270,357,2025-02-21,Giyim,1,1200.1
271,390,2025-02-22,Ev & Yaşam,2,2143.25
272,118,2025-02-22,Gıda,1,265.35
273,239,2025-02-22,Giyim,2,894.87
274,442,2025-02-23,Kozmetik,1,124.3
275,219,2025-02-23,Gıda,3,399.81
276,273,2025-02-23,Elektronik,1,12551.84
277,153,2025-02-24,Gıda,1,292.69
278,13,2025-02-24,Kitap & Kırtasiye,1,336.4
279,332,2025-02-24,Gıda,3,57.73
280,154,2025-02-25,Gıda,2,151.02
281,497,2025-02-26,Giyim,1,940.95
282,425,2025-02-26,Gıda,1,371.78
283,272,2025-02-26,Gıda,2,339.34
284,258,2025-02-27,Gıda,1,85.41
285,13,2025-02-27,Gıda,3,345.16
286,369,2025-03-02,Gıda,1,59.39
287,297,2025-03-02,Ev & Yaşam,1,1105.59
288,383,2025-03-02,Giyim,1,1057.3
289,383,2025-03-02,Gıda,1,158.7
290,363,2025-03-02,Gıda,1,314.33
291,91,2025-03-03,Kitap & Kırtasiye,2,86.99
292,368,2025-03-03,Gıda,2,198.79
293,118,2025-03-03,Gıda,1,294.02
294,377,2025-03-04,Gıda,1,369.8
295,219,2025-03-05,Ev & Yaşam,4,1690.98
296,377,2025-03-05,Giyim,2,1234.39
297,113,2025-03-05,Gıda,1,123.13
298,436,2025-03-05,Gıda,1,165.0
299,368,2025-03-05,Gıda,2,383.71
300,157,2025-03-05,Giyim,2,466.18
301,290,2025-03-06,Gıda,1,170.22
302,350,2025-03-06,Gıda,1,188.31
303,357,2025-03-06,Elektronik,1,23787.26
304,146,2025-03-06,Giyim,1,1074.57
305,379,2025-03-07,Gıda,2,343.27
306,459,2025-03-07,Gıda,1,236.48
307,123,2025-03-07,Kozmetik,1,410.88
308,69,2025-03-08,Gıda,1,78.59
309,143,2025-03-08,Ev & Yaşam,3,2131.6
310,285,2025-03-08,Gıda,3,176.81
311,219,2025-03-09,Gıda,1,352.03
312,239,2025-03-10,Kitap & Kırtasiye,3,103.67
313,419,2025-03-10,Giyim,3,824.43
314,386,2025-03-11,Kozmetik,1,553.58
315,339,2025-03-12,Giyim,2,1104.56
316,269,2025-03-12,Ev & Yaşam,1,1403.23
317,368,2025-03-13,Elektronik,1,21287.86
318,87,2025-03-13,Elektronik,1,21711.63
319,294,2025-03-14,Gıda,1,77.19
320,13,2025-03-14,Gıda,2,279.79
321,191,2025-03-15,Elektronik,1,24205.18
322,92,2025-03-15,Giyim,1,276.22
323,285,2025-03-16,Gıda,1,278.17
324,140,2025-03-16,Gıda,1,230.1
325,123,2025-03-16,Giyim,2,1147.59
326,13,2025-03-16,Giyim,1,1268.15
327,31,2025-03-16,Giyim,1,838.47
328,479,2025-03-17,Giyim,2,360.01
329,386,2025-03-18,Kozmetik,1,761.0
330,177,2025-03-19,Kitap & Kırtasiye,1,192.45
331,371,2025-03-19,Giyim,3,1037.15
332,191,2025-03-20,Kitap & Kırtasiye,3,162.54
333,91,2025-03-20,Kitap & Kırtasiye,2,110.72
334,108,2025-03-22,Giyim,1,596.76
335,250,2025-03-23,Ev & Yaşam,1,1773.64
336,357,2025-03-23,Kozmetik,1,169.46
337,377,2025-03-23,Giyim,3,498.47
338,221,2025-03-24,Ev & Yaşam,1,262.18
339,497,2025-03-24,Gıda,1,182.46
340,136,2025-03-25,Kozmetik,1,337.32
341,67,2025-03-25,Gıda,1,231.8
342,14,2025-03-25,Gıda,4,58.74
343,97,2025-03-25,Ev & Yaşam,1,2852.32
344,421,2025-03-26,Gıda,1,312.86
345,209,2025-03-26,Kitap & Kırtasiye,1,40.31
346,352,2025-03-27,Gıda,1,211.6
347,153,2025-03-27,Gıda,3,220.89
348,430,2025-03-27,Ev & Yaşam,2,682.31
349,74,2025-03-28,Giyim,1,1482.7
350,217,2025-03-29,Gıda,1,270.6
351,16,2025-03-29,Giyim,2,528.18
352,448,2025-03-30,Giyim,1,1097.76
353,217,2025-03-30,Gıda,2,200.18
354,273,2025-03-31,Ev & Yaşam,4,2432.46
355,332,2025-03-31,Giyim,1,1136.01
356,34,2025-04-01,Gıda,3,398.26
357,283,2025-04-01,Gıda,1,189.11
358,290,2025-04-01,Giyim,1,1394.45
359,67,2025-04-02,Gıda,1,296.18
360,231,2025-04-02,Gıda,1,171.5
361,393,2025-04-02,Gıda,3,375.32
362,30,2025-04-03,Gıda,1,308.39
363,494,2025-04-03,Gıda,1,240.16
364,317,2025-04-04,Gıda,2,336.62
365,50,2025-04-05,Kozmetik,2,222.64
366,207,2025-04-05,Gıda,1,71.88
367,121,2025-04-06,Elektronik,1,10172.55
368,118,2025-04-06,Elektronik,1,17911.32
369,421,2025-04-07,Kitap & Kırtasiye,2,124.94
370,113,2025-04-07,Giyim,2,1233.46
371,397,2025-04-08,Kitap & Kırtasiye,1,389.03
372,397,2025-04-08,Kozmetik,1,810.55
373,14,2025-04-08,Kitap & Kırtasiye,1,329.31
374,50,2025-04-08,Giyim,1,911.54
375,374,2025-04-08,Gıda,1,227.63
376,4,2025-04-09,Giyim,2,1382.8
377,442,2025-04-09,Giyim,1,721.53
378,191,2025-04-09,Kozmetik,3,599.24
379,443,2025-04-10,Gıda,1,323.48
380,371,2025-04-10,Elektronik,1,16790.32
381,295,2025-04-10,Gıda,1,182.88
382,16,2025-04-10,Gıda,1,365.46
383,422,2025-04-11,Ev & Yaşam,1,2204.49
384,155,2025-04-11,Giyim,2,691.39
385,377,2025-04-13,Elektronik,1,13428.63
386,420,2025-04-13,Gıda,1,393.65
387,285,2025-04-13,Ev & Yaşam,4,2565.57
388,334,2025-04-13,Giyim,4,349.6
389,178,2025-04-13,Gıda,2,276.12
390,418,2025-04-13,Gıda,2,226.5
391,197,2025-04-14,Kitap & Kırtasiye,4,54.44
392,361,2025-04-14,Gıda,1,108.93
393,96,2025-04-15,Ev & Yaşam,2,429.86
394,55,2025-04-16,Gıda,1,315.34
395,196,2025-04-16,Elektronik,1,2351.1
396,163,2025-04-16,Ev & Yaşam,1,1183.54
397,386,2025-04-17,Kitap & Kırtasiye,1,205.34
398,469,2025-04-17,Elektronik,1,17042.7
399,325,2025-04-17,Giyim,4,1415.64
400,447,2025-04-17,Gıda,1,355.72
401,468,2025-04-17,Giyim,1,1072.19
402,269,2025-04-18,Giyim,1,837.14
403,127,2025-04-18,Ev & Yaşam,2,1611.62
404,7,2025-04-18,Gıda,3,134.47
405,294,2025-04-19,Gıda,3,152.11
406,472,2025-04-19,Gıda,1,335.34
407,247,2025-04-19,Kitap & Kırtasiye,2,178.19
408,442,2025-04-19,Gıda,1,376.8
409,284,2025-04-20,Kitap & Kırtasiye,1,206.53
410,291,2025-04-21,Ev & Yaşam,1,2226.72
411,336,2025-04-21,Ev & Yaşam,1,370.17
412,209,2025-04-22,Gıda,1,127.84
413,290,2025-04-23,Kozmetik,1,896.11
414,321,2025-04-23,Giyim,1,550.98
415,252,2025-04-23,Kozmetik,3,649.92
416,369,2025-04-23,Gıda,4,194.09
417,496,2025-04-24,Giyim,2,1443.64
418,284,2025-04-24,Kozmetik,1,402.19
419,23,2025-04-24,Kozmetik,4,151.84
420,30,2025-04-24,Gıda,1,255.11
421,108,2025-04-25,Elektronik,1,5546.83
422,325,2025-04-25,Gıda,1,183.03
423,324,2025-04-25,Kitap & Kırtasiye,1,329.37
424,418,2025-04-26,Kitap & Kırtasiye,1,327.66
425,461,2025-04-26,Elektronik,1,15403.8
426,422,2025-04-26,Giyim,2,1291.07
427,250,2025-04-27,Giyim,1,810.17
428,7,2025-04-27,Ev & Yaşam,1,2855.14
429,61,2025-04-28,Kitap & Kırtasiye,4,277.51
430,377,2025-04-28,Elektronik,1,15968.06
431,118,2025-04-29,Gıda,2,145.15
432,377,2025-04-29,Kozmetik,1,269.83
433,209,2025-04-29,Gıda,1,118.48
434,244,2025-04-30,Giyim,1,727.85
435,278,2025-04-30,Gıda,1,140.71
436,212,2025-04-30,Gıda,2,309.0
437,247,2025-04-30,Gıda,1,349.33
438,437,2025-05-01,Giyim,1,463.03
439,273,2025-05-02,Gıda,1,95.89
440,50,2025-05-03,Gıda,1,212.16
441,305,2025-05-03,Kitap & Kırtasiye,1,43.18
442,177,2025-05-03,Ev & Yaşam,3,2953.26
443,467,2025-05-04,Elektronik,1,3780.86
444,285,2025-05-04,Giyim,4,1106.6
445,469,2025-05-04,Kozmetik,1,500.09
446,91,2025-05-05,Gıda,2,323.25
447,397,2025-05-05,Gıda,1,57.42
448,197,2025-05-06,Gıda,1,114.04
449,91,2025-05-06,Ev & Yaşam,1,738.55
450,273,2025-05-07,Giyim,2,308.15
451,1,2025-05-07,Gıda,1,291.67
452,140,2025-05-08,Giyim,1,910.08
453,247,2025-05-09,Giyim,1,1173.16
454,23,2025-05-10,Gıda,1,165.93
455,442,2025-05-10,Elektronik,1,11722.69
456,16,2025-05-11,Giyim,1,1491.63
457,217,2025-05-12,Gıda,2,137.84
458,434,2025-05-13,Giyim,1,1104.17
459,31,2025-05-13,Elektronik,1,23482.61
460,14,2025-05-13,Giyim,1,1212.7
461,269,2025-05-13,Giyim,4,1246.97
462,442,2025-05-14,Giyim,1,964.04
463,91,2025-05-14,Giyim,1,986.28
464,333,2025-05-14,Elektronik,1,3995.29
465,13,2025-05-14,Elektronik,1,2649.63
466,377,2025-05-14,Kitap & Kırtasiye,2,245.49
467,305,2025-05-15,Giyim,1,751.31
468,283,2025-05-15,Giyim,1,1429.15
469,28,2025-05-16,Gıda,1,208.89
470,406,2025-05-16,Elektronik,1,11088.77
471,319,2025-05-16,Giyim,1,1325.97
472,386,2025-05-16,Gıda,1,73.88
473,418,2025-05-17,Kozmetik,1,546.28
474,83,2025-05-17,Kozmetik,3,460.22
475,273,2025-05-18,Ev & Yaşam,2,1002.65
476,377,2025-05-18,Giyim,2,602.45
477,447,2025-05-19,Elektronik,1,20641.34
478,196,2025-05-19,Gıda,2,143.44
479,291,2025-05-19,Giyim,1,687.08
480,377,2025-05-19,Ev & Yaşam,1,1089.78
481,460,2025-05-19,Giyim,1,1424.52
482,357,2025-05-19,Giyim,2,763.32
483,447,2025-05-20,Elektronik,1,16406.03
484,434,2025-05-20,Giyim,1,919.35
485,332,2025-05-20,Giyim,1,510.5
486,291,2025-05-22,Elektronik,1,13777.94
487,108,2025-05-22,Gıda,1,332.24
488,216,2025-05-22,Ev & Yaşam,2,775.98
489,297,2025-05-22,Gıda,1,232.42
490,290,2025-05-22,Giyim,1,1095.42
491,397,2025-05-23,Giyim,1,251.07
492,50,2025-05-23,Gıda,1,342.59
493,266,2025-05-25,Kitap & Kırtasiye,2,340.32
494,188,2025-05-25,Giyim,3,922.35
495,250,2025-05-26,Gıda,2,388.13
496,442,2025-05-26,Kitap & Kırtasiye,1,270.03
497,317,2025-05-27,Kozmetik,1,536.98
498,377,2025-05-27,Gıda,1,101.14
499,96,2025-05-27,Gıda,2,257.81
500,96,2025-05-27,Ev & Yaşam,1,1079.05
501,81,2025-05-27,Kozmetik,1,836.35
502,221,2025-05-28,Ev & Yaşam,1,2268.25
503,113,2025-05-28,Giyim,2,1032.47
504,361,2025-05-31,Gıda,1,299.5
505,258,2025-05-31,Elektronik,1,23194.36
506,69,2025-05-31,Giyim,2,580.94
507,448,2025-05-31,Gıda,2,175.45
508,290,2025-06-01,Giyim,1,963.53
509,34,2025-06-01,Giyim,4,1356.76
510,256,2025-06-02,Elektronik,1,12036.97
511,332,2025-06-02,Gıda,2,389.0
512,425,2025-06-02,Kozmetik,1,426.12
513,441,2025-06-03,Giyim,2,849.37
514,101,2025-06-03,Kitap & Kırtasiye,1,177.0
515,239,2025-06-03,Gıda,1,65.73
516,101,2025-06-03,Giyim,1,1397.0
517,145,2025-06-03,Kozmetik,1,392.32
518,264,2025-06-03,Elektronik,1,20232.02
519,338,2025-06-03,Giyim,3,1116.7
520,219,2025-06-04,Kitap & Kırtasiye,1,324.92
521,499,2025-06-04,Elektronik,1,24773.1
522,157,2025-06-04,Gıda,1,197.72
523,215,2025-06-04,Gıda,2,63.33
524,8,2025-06-05,Gıda,2,350.86
525,335,2025-06-05,Giyim,3,760.06
526,377,2025-06-05,Kitap & Kırtasiye,1,159.62
527,338,2025-06-05,Kitap & Kırtasiye,1,176.92
528,478,2025-06-05,Gıda,1,357.36
529,273,2025-06-06,Giyim,1,1047.53
530,305,2025-06-06,Gıda,1,191.6
531,393,2025-06-07,Gıda,1,391.98
532,211,2025-06-07,Elektronik,1,6015.05
533,325,2025-06-07,Giyim,1,954.93
534,96,2025-06-07,Ev & Yaşam,1,1498.01
535,96,2025-06-07,Gıda,2,356.13
536,468,2025-06-08,Gıda,2,264.9
537,264,2025-06-08,Kozmetik,1,251.55
538,481,2025-06-09,Giyim,2,673.41
539,269,2025-06-09,Gıda,1,189.82
540,28,2025-06-09,Kozmetik,1,440.8
541,256,2025-06-10,Elektronik,1,10195.58
542,104,2025-06-11,Kozmetik,2,416.21
543,254,2025-06-12,Gıda,1,109.78
544,403,2025-06-12,Giyim,1,279.16
545,219,2025-06-12,Gıda,2,265.66
546,112,2025-06-13,Kozmetik,3,375.19
547,442,2025-06-13,Giyim,1,1073.14
548,148,2025-06-13,Gıda,1,300.43
549,153,2025-06-14,Gıda,1,297.95
550,96,2025-06-14,Kozmetik,1,522.63
551,154,2025-06-14,Ev & Yaşam,2,2970.4
552,332,2025-06-15,Giyim,1,719.52
553,448,2025-06-15,Kozmetik,4,667.09
554,317,2025-06-16,Kozmetik,4,830.36
555,422,2025-06-16,Giyim,1,297.04
556,291,2025-06-17,Kitap & Kırtasiye,1,345.11
557,55,2025-06-17,Gıda,1,357.83
558,418,2025-06-18,Elektronik,1,12891.12
559,397,2025-06-18,Giyim,1,1057.18
560,256,2025-06-18,Giyim,1,1294.53
561,171,2025-06-18,Kitap & Kırtasiye,2,269.43
562,61,2025-06-20,Kozmetik,1,739.57
563,13,2025-06-20,Kozmetik,2,582.46
564,191,2025-06-21,Elektronik,1,3548.81
565,81,2025-06-21,Kozmetik,1,288.39
566,269,2025-06-22,Giyim,1,1078.34
567,325,2025-06-22,Gıda,3,204.53
568,325,2025-06-23,Ev & Yaşam,2,603.8
569,447,2025-06-23,Gıda,4,194.78
570,97,2025-06-23,Gıda,1,315.0
571,357,2025-06-24,Gıda,3,345.84
572,418,2025-06-25,Gıda,1,209.26
573,355,2025-06-25,Giyim,1,353.79
574,97,2025-06-25,Kozmetik,4,328.02
575,290,2025-06-25,Giyim,2,666.54
576,155,2025-06-25,Giyim,2,370.26
577,284,2025-06-25,Kitap & Kırtasiye,1,165.87
578,153,2025-06-25,Ev & Yaşam,1,629.14
579,361,2025-06-25,Ev & Yaşam,1,915.29
580,302,2025-06-25,Gıda,4,250.46
581,276,2025-06-26,Gıda,1,156.85
582,337,2025-06-26,Gıda,1,364.86
583,364,2025-06-26,Ev & Yaşam,2,1949.0
584,388,2025-06-27,Kozmetik,1,786.03
585,29,2025-06-27,Ev & Yaşam,1,1337.14
586,393,2025-06-27,Elektronik,1,22475.17
587,61,2025-06-27,Gıda,1,242.65
588,256,2025-06-27,Gıda,2,70.08
589,294,2025-06-28,Kozmetik,2,379.22
590,324,2025-06-28,Giyim,2,939.92
591,427,2025-06-28,Ev & Yaşam,1,1030.65
592,143,2025-06-28,Gıda,1,126.54
593,450,2025-06-29,Giyim,4,504.96
594,276,2025-06-29,Gıda,1,100.63
595,285,2025-06-29,Kitap & Kırtasiye,2,168.61
596,334,2025-06-29,Gıda,1,68.96
597,276,2025-06-29,Ev & Yaşam,1,2038.77
598,326,2025-06-30,Gıda,1,286.98
599,377,2025-06-30,Gıda,1,121.37
600,213,2025-06-30,Kitap & Kırtasiye,3,210.51
601,50,2025-07-01,Gıda,1,270.69
602,469,2025-07-01,Kitap & Kırtasiye,1,301.72
603,430,2025-07-01,Kitap & Kırtasiye,1,110.03
604,391,2025-07-02,Gıda,1,115.33
605,350,2025-07-02,Ev & Yaşam,1,1829.21
606,443,2025-07-03,Elektronik,1,24159.64
607,118,2025-07-03,Kozmetik,3,626.11
608,377,2025-07-04,Kozmetik,3,704.69
609,169,2025-07-04,Gıda,4,329.26
610,387,2025-07-05,Elektronik,1,13767.31
611,365,2025-07-06,Gıda,2,151.1
612,391,2025-07-06,Ev & Yaşam,1,1249.76
613,357,2025-07-07,Kozmetik,1,416.39
614,332,2025-07-07,Gıda,4,377.88
615,387,2025-07-07,Gıda,2,391.3
616,355,2025-07-08,Giyim,2,591.31
617,442,2025-07-08,Giyim,2,1080.19
618,86,2025-07-09,Ev & Yaşam,4,2662.84
619,447,2025-07-09,Elektronik,1,20778.79
620,152,2025-07-09,Giyim,1,964.15
621,377,2025-07-09,Kitap & Kırtasiye,2,82.65
622,434,2025-07-10,Giyim,1,347.41
623,321,2025-07-10,Gıda,1,341.63
624,71,2025-07-10,Gıda,2,125.71
625,219,2025-07-11,Giyim,1,352.12
626,290,2025-07-11,Giyim,1,738.71
627,7,2025-07-11,Giyim,1,1273.69
628,207,2025-07-11,Elektronik,1,3224.08
629,153,2025-07-11,Ev & Yaşam,1,1570.9
630,295,2025-07-11,Giyim,4,761.17
631,55,2025-07-11,Kozmetik,4,637.94
632,260,2025-07-11,Gıda,2,190.6
633,442,2025-07-12,Giyim,1,1184.47
634,252,2025-07-12,Elektronik,1,13554.22
635,153,2025-07-12,Gıda,1,297.68
636,357,2025-07-13,Giyim,3,1154.97
637,256,2025-07-13,Kitap & Kırtasiye,1,381.74
638,422,2025-07-13,Kozmetik,1,141.43
639,19,2025-07-13,Gıda,2,273.37
640,167,2025-07-14,Gıda,2,206.84
641,417,2025-07-14,Giyim,1,748.44
642,352,2025-07-14,Ev & Yaşam,2,2150.73
643,145,2025-07-14,Gıda,2,268.58
644,143,2025-07-14,Elektronik,1,6893.23
645,156,2025-07-14,Kitap & Kırtasiye,1,349.24
646,91,2025-07-14,Gıda,1,341.58
647,387,2025-07-15,Gıda,1,345.82
648,377,2025-07-15,Gıda,1,397.58
649,337,2025-07-16,Gıda,1,258.62
650,262,2025-07-16,Gıda,4,280.82
651,472,2025-07-16,Gıda,2,61.84
652,270,2025-07-16,Elektronik,1,6167.05
653,273,2025-07-17,Gıda,3,286.0
654,308,2025-07-17,Ev & Yaşam,1,482.57
655,212,2025-07-17,Elektronik,1,19475.98
656,338,2025-07-17,Gıda,1,397.22
657,368,2025-07-17,Kozmetik,1,699.87
658,30,2025-07-17,Giyim,1,770.97
659,261,2025-07-18,Elektronik,1,16559.27
660,482,2025-07-18,Gıda,1,238.57
661,436,2025-07-18,Kozmetik,3,185.3
662,434,2025-07-18,Giyim,2,1211.82
663,143,2025-07-18,Kozmetik,1,399.25
664,437,2025-07-18,Giyim,1,774.29
665,130,2025-07-18,Kozmetik,1,888.99
666,285,2025-07-19,Gıda,2,338.68
667,123,2025-07-19,Giyim,1,1300.95
668,215,2025-07-19,Gıda,3,103.68
669,418,2025-07-19,Gıda,1,111.18
670,328,2025-07-20,Kozmetik,1,525.59
671,270,2025-07-21,Elektronik,1,11423.25
672,121,2025-07-21,Elektronik,1,10438.68
673,459,2025-07-21,Ev & Yaşam,2,922.58
674,96,2025-07-22,Gıda,1,173.45
675,86,2025-07-23,Giyim,4,1365.51
676,55,2025-07-23,Ev & Yaşam,2,1547.21
677,127,2025-07-25,Ev & Yaşam,1,2646.13
678,377,2025-07-25,Kozmetik,1,547.98
679,140,2025-07-26,Gıda,2,362.78
680,50,2025-07-26,Giyim,1,782.25
681,221,2025-07-26,Gıda,3,335.24
682,258,2025-07-26,Ev & Yaşam,1,1795.84
683,427,2025-07-27,Gıda,1,346.55
684,91,2025-07-27,Kitap & Kırtasiye,2,364.27
685,219,2025-07-28,Gıda,3,224.31
686,283,2025-07-29,Giyim,1,903.63
687,86,2025-07-29,Gıda,2,215.17
688,447,2025-07-29,Kozmetik,2,383.13
689,239,2025-07-29,Kozmetik,1,883.61
690,393,2025-07-30,Kitap & Kırtasiye,2,176.79
691,188,2025-07-30,Giyim,1,532.11
692,104,2025-07-30,Kozmetik,3,795.6
693,13,2025-07-30,Kitap & Kırtasiye,1,310.87
694,86,2025-07-31,Giyim,1,592.44
695,118,2025-07-31,Kozmetik,2,714.8
696,191,2025-07-31,Gıda,1,171.14
697,468,2025-07-31,Gıda,1,96.15
698,158,2025-08-01,Giyim,1,296.02
699,69,2025-08-01,Gıda,3,242.31
700,372,2025-08-01,Gıda,1,290.22
701,421,2025-08-01,Kozmetik,1,151.36
702,295,2025-08-02,Giyim,1,366.86
703,295,2025-08-02,Gıda,1,64.57
704,156,2025-08-02,Kitap & Kırtasiye,1,174.93
705,447,2025-08-03,Kozmetik,1,158.89
706,216,2025-08-03,Kitap & Kırtasiye,2,79.2
707,481,2025-08-03,Gıda,1,386.47
708,365,2025-08-04,Gıda,1,364.81
709,386,2025-08-04,Giyim,1,699.71
710,329,2025-08-04,Giyim,4,1035.61
711,289,2025-08-04,Kozmetik,2,330.42
712,247,2025-08-04,Gıda,1,80.24
713,357,2025-08-05,Gıda,2,106.95
714,273,2025-08-05,Ev & Yaşam,3,364.72
715,65,2025-08-05,Giyim,2,469.24
716,334,2025-08-05,Kitap & Kırtasiye,1,261.74
717,191,2025-08-06,Kozmetik,2,288.14
718,14,2025-08-06,Gıda,2,150.42
719,221,2025-08-07,Giyim,1,1402.46
720,14,2025-08-07,Kitap & Kırtasiye,1,299.16
721,219,2025-08-08,Kitap & Kırtasiye,1,269.36
722,177,2025-08-09,Giyim,1,344.39
723,207,2025-08-09,Kozmetik,1,616.46
724,227,2025-08-09,Gıda,1,188.78
725,273,2025-08-10,Giyim,1,881.95
726,1,2025-08-10,Ev & Yaşam,2,2044.53
727,294,2025-08-10,Kitap & Kırtasiye,1,305.44
728,403,2025-08-11,Gıda,4,196.64
729,465,2025-08-11,Kozmetik,1,474.93
730,488,2025-08-11,Elektronik,1,16669.31
731,258,2025-08-11,Kozmetik,2,709.63
732,285,2025-08-12,Gıda,2,398.04
733,273,2025-08-12,Gıda,2,354.74
734,292,2025-08-12,Giyim,3,1202.25
735,419,2025-08-12,Ev & Yaşam,1,2461.19
736,383,2025-08-13,Giyim,2,1370.72
737,290,2025-08-13,Giyim,2,574.52
738,55,2025-08-13,Kozmetik,2,175.39
739,368,2025-08-13,Kitap & Kırtasiye,1,263.01
740,369,2025-08-13,Ev & Yaşam,1,2867.7
741,171,2025-08-14,Gıda,3,391.7
742,231,2025-08-14,Giyim,3,1096.05
743,334,2025-08-14,Kitap & Kırtasiye,2,109.81
744,425,2025-08-14,Giyim,1,1364.48
745,269,2025-08-15,Ev & Yaşam,1,2674.2
746,442,2025-08-15,Gıda,1,312.81
747,448,2025-08-15,Ev & Yaşam,1,424.8
748,397,2025-08-16,Giyim,2,1449.65
749,447,2025-08-16,Giyim,1,1133.71
750,91,2025-08-18,Giyim,1,1010.19
751,14,2025-08-18,Gıda,1,67.0
752,16,2025-08-18,Kozmetik,1,465.7
753,387,2025-08-19,Gıda,3,191.37
754,232,2025-08-19,Giyim,2,987.24
755,61,2025-08-19,Giyim,1,342.3
756,393,2025-08-19,Gıda,1,73.05
757,325,2025-08-19,Kozmetik,2,737.07
758,284,2025-08-19,Gıda,1,190.79
759,406,2025-08-19,Ev & Yaşam,1,2301.76
760,355,2025-08-20,Giyim,1,735.38
761,309,2025-08-20,Ev & Yaşam,1,2337.46
762,96,2025-08-21,Elektronik,1,16317.77
763,290,2025-08-22,Giyim,1,629.62
764,294,2025-08-22,Ev & Yaşam,1,2025.01
765,267,2025-08-22,Kitap & Kırtasiye,1,114.46
766,296,2025-08-22,Gıda,1,233.99
767,309,2025-08-22,Kozmetik,1,456.5
768,468,2025-08-22,Giyim,1,501.98
769,409,2025-08-22,Gıda,1,348.94
770,140,2025-08-22,Ev & Yaşam,1,1957.96
771,363,2025-08-23,Giyim,2,758.66
772,494,2025-08-23,Ev & Yaşam,1,1047.52
773,276,2025-08-24,Kitap & Kırtasiye,4,84.01
774,101,2025-08-24,Ev & Yaşam,1,1291.69
775,355,2025-08-24,Kitap & Kırtasiye,1,364.66
776,81,2025-08-25,Gıda,1,246.47
777,442,2025-08-25,Gıda,1,354.97
778,338,2025-08-25,Gıda,1,85.54
779,467,2025-08-25,Ev & Yaşam,1,2836.95
780,467,2025-08-26,Gıda,1,314.49
781,393,2025-08-26,Gıda,1,267.82
782,294,2025-08-26,Gıda,1,87.27
783,269,2025-08-27,Gıda,2,255.38
784,53,2025-08-27,Ev & Yaşam,3,1236.52
785,325,2025-08-28,Gıda,1,299.0
786,231,2025-08-28,Gıda,1,62.68
787,242,2025-08-29,Gıda,3,153.52
788,448,2025-08-29,Gıda,4,342.95
789,317,2025-08-29,Kozmetik,1,793.49
790,118,2025-08-29,Gıda,2,136.97
791,252,2025-08-29,Gıda,1,399.38
792,290,2025-08-29,Gıda,1,288.47
793,123,2025-08-30,Elektronik,1,13303.23
794,91,2025-08-31,Kozmetik,4,424.89
795,61,2025-08-31,Giyim,1,602.59
796,258,2025-08-31,Gıda,2,298.66
797,329,2025-08-31,Kozmetik,1,565.08
798,191,2025-08-31,Kozmetik,1,188.47
799,232,2025-08-31,Kozmetik,1,787.41
800,367,2025-08-31,Kozmetik,4,238.17
801,221,2025-09-01,Gıda,1,89.78
802,86,2025-09-01,Gıda,2,187.55
803,365,2025-09-01,Kozmetik,2,651.54
804,50,2025-09-02,Gıda,1,114.48
805,207,2025-09-02,Gıda,1,191.12
806,156,2025-09-03,Ev & Yaşam,1,2964.82
807,308,2025-09-03,Gıda,2,252.58
808,2,2025-09-03,Giyim,1,343.69
809,181,2025-09-03,Gıda,2,385.35
810,116,2025-09-03,Gıda,2,137.09
811,191,2025-09-03,Giyim,1,646.62
812,217,2025-09-04,Kitap & Kırtasiye,1,232.23
813,221,2025-09-04,Kitap & Kırtasiye,1,189.08
814,252,2025-09-04,Gıda,1,379.15
815,151,2025-09-04,Ev & Yaşam,1,1788.67
816,55,2025-09-04,Kozmetik,1,632.77
817,363,2025-09-04,Kozmetik,1,856.32
818,418,2025-09-05,Gıda,1,77.83
819,53,2025-09-05,Kitap & Kırtasiye,2,233.39
820,104,2025-09-05,Gıda,2,292.76
821,363,2025-09-06,Giyim,1,518.9
822,377,2025-09-06,Giyim,2,1270.89
823,258,2025-09-06,Ev & Yaşam,2,2129.83
824,221,2025-09-06,Gıda,1,57.68
825,156,2025-09-07,Gıda,2,118.49
826,101,2025-09-07,Kozmetik,3,194.73
827,254,2025-09-08,Elektronik,1,10248.56
828,153,2025-09-08,Giyim,4,1064.05
829,436,2025-09-08,Giyim,1,346.86
830,326,2025-09-08,Gıda,1,315.94
831,297,2025-09-08,Kozmetik,1,657.37
832,264,2025-09-09,Gıda,1,201.97
833,215,2025-09-09,Giyim,2,1176.81
834,125,2025-09-09,Giyim,1,1371.39
835,86,2025-09-09,Gıda,1,342.21
836,132,2025-09-09,Kozmetik,4,435.27
837,194,2025-09-10,Giyim,1,399.11
838,406,2025-09-10,Ev & Yaşam,1,2825.38
839,40,2025-09-10,Gıda,3,55.45
840,351,2025-09-10,Gıda,2,257.0
841,232,2025-09-10,Gıda,1,279.56
842,86,2025-09-10,Gıda,2,293.71
843,383,2025-09-11,Gıda,1,186.52
844,365,2025-09-11,Kitap & Kırtasiye,1,149.82
845,81,2025-09-11,Kitap & Kırtasiye,1,296.18
846,250,2025-09-12,Gıda,2,180.57
847,64,2025-09-12,Giyim,3,1397.61
848,211,2025-09-12,Elektronik,1,4418.81
849,143,2025-09-12,Gıda,1,256.45
850,143,2025-09-12,Kitap & Kırtasiye,3,326.23
851,300,2025-09-12,Gıda,2,50.55
852,329,2025-09-12,Ev & Yaşam,1,1798.5
853,211,2025-09-13,Gıda,1,363.38
854,321,2025-09-13,Giyim,1,1134.07
855,372,2025-09-13,Ev & Yaşam,1,2475.75
856,153,2025-09-14,Gıda,1,362.34
857,64,2025-09-14,Gıda,1,124.02
858,436,2025-09-14,Elektronik,1,7924.47
859,50,2025-09-14,Kozmetik,3,789.85
860,297,2025-09-14,Kozmetik,1,611.88
861,86,2025-09-14,Giyim,1,1186.39
862,239,2025-09-15,Giyim,1,1438.85
863,499,2025-09-15,Giyim,2,692.28
864,329,2025-09-16,Elektronik,1,2163.44
865,280,2025-09-16,Gıda,2,54.6
866,324,2025-09-16,Gıda,1,393.11
867,291,2025-09-16,Gıda,1,250.75
868,383,2025-09-16,Ev & Yaşam,1,1728.44
869,305,2025-09-16,Kozmetik,2,119.56
870,296,2025-09-16,Gıda,1,399.97
871,355,2025-09-16,Gıda,1,121.03
872,391,2025-09-17,Gıda,1,56.0
873,250,2025-09-17,Gıda,2,147.4
874,7,2025-09-18,Gıda,1,125.66
875,43,2025-09-18,Kozmetik,4,443.61
876,499,2025-09-18,Giyim,1,1021.61
877,29,2025-09-18,Giyim,4,1087.4
878,14,2025-09-19,Gıda,1,158.32
879,479,2025-09-19,Gıda,4,363.55
880,118,2025-09-20,Gıda,1,58.72
881,207,2025-09-20,Kozmetik,2,569.56
882,118,2025-09-21,Giyim,2,1484.04
883,161,2025-09-21,Gıda,1,345.38
884,13,2025-09-21,Ev & Yaşam,3,791.81
885,294,2025-09-22,Giyim,2,653.86
886,425,2025-09-22,Gıda,1,359.33
887,499,2025-09-23,Kozmetik,1,361.32
888,77,2025-09-23,Gıda,1,174.76
889,331,2025-09-23,Kozmetik,1,594.56
890,213,2025-09-24,Gıda,1,366.07
891,46,2025-09-24,Gıda,1,259.52
892,418,2025-09-24,Kitap & Kırtasiye,1,159.06
893,236,2025-09-24,Ev & Yaşam,2,2174.52
894,215,2025-09-24,Elektronik,1,15812.22
895,499,2025-09-24,Elektronik,1,15098.15
896,442,2025-09-24,Gıda,2,350.66
897,50,2025-09-25,Gıda,1,236.56
898,369,2025-09-25,Gıda,4,117.1
899,118,2025-09-26,Giyim,3,911.6
900,244,2025-09-26,Gıda,1,104.43
901,153,2025-09-26,Giyim,1,1225.41
902,84,2025-09-27,Gıda,4,224.64
903,241,2025-09-27,Kozmetik,4,346.1
904,434,2025-09-28,Gıda,1,278.53
905,499,2025-09-28,Giyim,1,483.89
906,297,2025-09-29,Ev & Yaşam,2,1601.47
907,469,2025-09-30,Giyim,1,1017.03
908,256,2025-09-30,Ev & Yaşam,1,1068.01
909,53,2025-09-30,Elektronik,1,6085.69
910,32,2025-10-01,Giyim,2,698.92
911,125,2025-10-01,Gıda,3,167.42
912,355,2025-10-02,Ev & Yaşam,3,1110.43
913,377,2025-10-03,Gıda,1,92.23
914,196,2025-10-03,Ev & Yaşam,1,2918.84
915,86,2025-10-03,Ev & Yaşam,3,2227.22
916,325,2025-10-03,Giyim,1,401.03
917,494,2025-10-04,Elektronik,1,22518.27
918,232,2025-10-04,Gıda,1,302.95
919,469,2025-10-04,Gıda,3,171.19
920,329,2025-10-05,Ev & Yaşam,1,1498.38
921,145,2025-10-05,Giyim,2,1390.42
922,328,2025-10-05,Elektronik,1,8234.95
923,292,2025-10-05,Giyim,1,1478.31
924,355,2025-10-05,Gıda,4,83.04
925,13,2025-10-06,Elektronik,1,4923.2
926,161,2025-10-06,Ev & Yaşam,1,2664.91
927,371,2025-10-06,Kozmetik,1,490.88
928,46,2025-10-07,Gıda,2,162.23
929,337,2025-10-07,Kozmetik,1,263.01
930,330,2025-10-07,Kitap & Kırtasiye,3,75.89
931,397,2025-10-07,Elektronik,1,17157.67
932,212,2025-10-07,Gıda,1,88.03
933,305,2025-10-07,Elektronik,1,4080.96
934,337,2025-10-07,Ev & Yaşam,2,2688.47
935,425,2025-10-09,Kozmetik,1,472.04
936,196,2025-10-09,Gıda,1,62.21
937,154,2025-10-09,Ev & Yaşam,2,619.27
938,294,2025-10-09,Kozmetik,1,594.23
939,219,2025-10-10,Giyim,1,360.7
940,383,2025-10-10,Gıda,1,129.06
941,242,2025-10-10,Giyim,1,576.62
942,355,2025-10-10,Giyim,1,461.09
943,217,2025-10-10,Kozmetik,1,788.85
944,92,2025-10-10,Giyim,2,453.6
945,194,2025-10-10,Ev & Yaşam,1,2028.04
946,386,2025-10-11,Gıda,2,212.1
947,295,2025-10-11,Gıda,1,176.46
948,74,2025-10-12,Giyim,1,1073.69
949,475,2025-10-12,Gıda,4,339.43
950,91,2025-10-12,Giyim,4,1448.08
951,291,2025-10-12,Giyim,1,585.33
952,332,2025-10-12,Giyim,1,843.08
953,218,2025-10-12,Giyim,2,1104.98
954,497,2025-10-13,Gıda,1,254.13
955,292,2025-10-13,Kozmetik,1,125.2
956,258,2025-10-13,Giyim,1,395.12
957,324,2025-10-14,Ev & Yaşam,1,1484.55
958,213,2025-10-14,Kozmetik,2,670.24
959,252,2025-10-14,Kozmetik,1,213.41
960,488,2025-10-14,Elektronik,1,23727.83
961,365,2025-10-14,Gıda,1,277.74
962,350,2025-10-14,Gıda,2,55.05
963,377,2025-10-15,Ev & Yaşam,1,2192.38
964,256,2025-10-15,Elektronik,1,9336.63
965,440,2025-10-15,Gıda,1,61.89
966,352,2025-10-16,Kozmetik,1,575.86
967,469,2025-10-16,Giyim,4,344.43
968,418,2025-10-16,Kitap & Kırtasiye,1,94.09
969,33,2025-10-17,Gıda,1,119.15
970,247,2025-10-18,Gıda,1,250.5
971,445,2025-10-18,Gıda,1,64.34
972,377,2025-10-18,Ev & Yaşam,2,563.56
973,285,2025-10-20,Giyim,2,1492.28
974,365,2025-10-20,Giyim,1,499.95
975,448,2025-10-20,Kozmetik,1,768.96
976,444,2025-10-20,Giyim,1,1018.76
977,196,2025-10-20,Gıda,1,310.76
978,434,2025-10-21,Gıda,1,72.23
979,96,2025-10-21,Giyim,3,440.83
980,221,2025-10-22,Gıda,1,241.12
981,357,2025-10-22,Elektronik,1,12421.34
982,295,2025-10-23,Gıda,2,252.65
983,156,2025-10-23,Gıda,1,89.21
984,334,2025-10-23,Gıda,4,230.39
985,260,2025-10-24,Ev & Yaşam,1,192.71
986,242,2025-10-24,Giyim,2,1406.96
987,191,2025-10-24,Kitap & Kırtasiye,1,301.92
988,260,2025-10-25,Giyim,1,1433.57
989,437,2025-10-25,Giyim,2,1274.81
990,97,2025-10-25,Kozmetik,4,297.8
991,378,2025-10-25,Giyim,1,517.47
992,332,2025-10-25,Gıda,2,298.38
993,306,2025-10-26,Ev & Yaşam,1,1040.84
994,86,2025-10-26,Gıda,1,225.36
995,221,2025-10-27,Kitap & Kırtasiye,3,245.89
996,258,2025-10-27,Ev & Yaşam,2,821.62
997,247,2025-10-27,Gıda,2,180.27
998,441,2025-10-27,Gıda,1,270.67
999,50,2025-10-27,Kozmetik,2,437.09
1000,221,2025-10-27,Giyim,2,1422.38
1001,104,2025-10-28,Gıda,4,61.64
1002,359,2025-10-28,Gıda,2,399.78
1003,81,2025-10-28,Ev & Yaşam,4,1323.28
1004,216,2025-10-28,Gıda,2,271.38
1005,239,2025-10-28,Kozmetik,2,590.89
1006,400,2025-10-29,Elektronik,1,3436.0
1007,232,2025-10-29,Giyim,2,956.75
1008,14,2025-10-29,Giyim,1,588.19
1009,104,2025-10-29,Gıda,1,375.49
1010,357,2025-10-29,Kozmetik,2,820.37
1011,308,2025-10-30,Gıda,1,379.56
1012,499,2025-10-30,Kozmetik,1,438.77
1013,108,2025-10-30,Ev & Yaşam,1,694.14
1014,75,2025-10-30,Gıda,2,172.83
1015,86,2025-10-31,Giyim,3,1240.64
1016,421,2025-10-31,Gıda,2,68.55
1017,365,2025-10-31,Gıda,1,374.91
1018,360,2025-11-01,Gıda,4,190.46
1019,475,2025-11-01,Gıda,1,281.47
1020,32,2025-11-01,Ev & Yaşam,2,2081.71
1021,112,2025-11-02,Giyim,1,856.49
1022,127,2025-11-02,Gıda,1,167.34
1023,355,2025-11-02,Giyim,2,486.18
1024,258,2025-11-02,Kozmetik,2,513.68
1025,116,2025-11-02,Kitap & Kırtasiye,2,163.94
1026,317,2025-11-02,Giyim,4,335.16
1027,401,2025-11-03,Kozmetik,1,597.8
1028,448,2025-11-03,Gıda,2,208.23
1029,218,2025-11-03,Gıda,1,392.4
1030,290,2025-11-03,Kozmetik,1,158.32
1031,69,2025-11-04,Giyim,1,1328.13
1032,91,2025-11-05,Gıda,1,69.14
1033,112,2025-11-05,Kozmetik,2,472.31
1034,326,2025-11-05,Giyim,2,1184.88
1035,157,2025-11-06,Kitap & Kırtasiye,1,232.93
1036,440,2025-11-06,Gıda,1,214.51
1037,266,2025-11-06,Kozmetik,4,590.33
1038,418,2025-11-06,Ev & Yaşam,1,2758.39
1039,425,2025-11-06,Gıda,1,123.2
1040,150,2025-11-07,Kitap & Kırtasiye,1,353.76
1041,75,2025-11-07,Kozmetik,2,448.62
1042,96,2025-11-07,Giyim,1,1100.81
1043,326,2025-11-07,Giyim,1,389.43
1044,266,2025-11-08,Gıda,2,54.27
1045,301,2025-11-08,Kitap & Kırtasiye,1,57.15
1046,365,2025-11-08,Giyim,3,464.3
1047,368,2025-11-08,Ev & Yaşam,4,2201.27
1048,236,2025-11-08,Ev & Yaşam,1,437.96
1049,118,2025-11-08,Kozmetik,1,486.61
1050,427,2025-11-09,Giyim,1,671.6
1051,397,2025-11-09,Gıda,2,245.38
1052,383,2025-11-09,Kozmetik,2,476.35
1053,230,2025-11-09,Kozmetik,1,647.62
1054,53,2025-11-10,Ev & Yaşam,1,1073.83
1055,159,2025-11-11,Giyim,1,651.73
1056,208,2025-11-11,Giyim,1,973.19
1057,285,2025-11-11,Giyim,1,1154.57
1058,143,2025-11-11,Kozmetik,1,553.41
1059,317,2025-11-11,Gıda,3,372.19
1060,377,2025-11-11,Giyim,1,1064.35
1061,438,2025-11-13,Kitap & Kırtasiye,1,264.13
1062,113,2025-11-13,Giyim,1,843.36
1063,377,2025-11-13,Kitap & Kırtasiye,3,372.67
1064,239,2025-11-14,Ev & Yaşam,2,647.82
1065,14,2025-11-15,Gıda,1,392.99
1066,441,2025-11-15,Giyim,3,967.42
1067,158,2025-11-15,Ev & Yaşam,3,2512.13
1068,290,2025-11-16,Kozmetik,1,325.35
1069,219,2025-11-16,Elektronik,1,3178.59
1070,14,2025-11-16,Kitap & Kırtasiye,1,277.4
1071,242,2025-11-16,Giyim,3,1293.0
1072,497,2025-11-16,Gıda,1,358.35
1073,435,2025-11-16,Kitap & Kırtasiye,2,280.98
1074,422,2025-11-17,Kozmetik,3,793.1
1075,363,2025-11-17,Kitap & Kırtasiye,2,284.15
1076,403,2025-11-17,Kozmetik,2,405.96
1077,104,2025-11-17,Ev & Yaşam,1,2879.7
1078,434,2025-11-17,Gıda,2,221.57
1079,30,2025-11-18,Giyim,1,847.37
1080,239,2025-11-18,Kitap & Kırtasiye,2,248.27
1081,84,2025-11-18,Gıda,1,335.34
1082,448,2025-11-18,Giyim,2,637.71
1083,400,2025-11-19,Kozmetik,1,418.03
1084,358,2025-11-19,Gıda,1,282.62
1085,447,2025-11-19,Ev & Yaşam,1,795.21
1086,64,2025-11-20,Kozmetik,1,514.61
1087,218,2025-11-20,Giyim,1,547.24
1088,447,2025-11-20,Gıda,1,147.35
1089,32,2025-11-20,Kitap & Kırtasiye,1,199.62
1090,443,2025-11-21,Kozmetik,3,496.19
1091,20,2025-11-21,Elektronik,1,1999.01
1092,46,2025-11-21,Ev & Yaşam,1,1711.16
1093,239,2025-11-21,Giyim,2,1414.35
1094,290,2025-11-21,Elektronik,1,20509.9
1095,178,2025-11-21,Gıda,4,232.47
1096,231,2025-11-22,Giyim,2,850.96
1097,221,2025-11-22,Giyim,1,660.15
1098,48,2025-11-22,Gıda,1,392.87
1099,400,2025-11-22,Kozmetik,2,593.12
1100,318,2025-11-23,Ev & Yaşam,1,1825.74
1101,118,2025-11-24,Kozmetik,2,344.76
1102,397,2025-11-24,Giyim,1,1328.21
1103,292,2025-11-24,Ev & Yaşam,1,2055.13
1104,309,2025-11-25,Giyim,1,937.47
1105,377,2025-11-25,Elektronik,1,10374.15
1106,273,2025-11-25,Giyim,2,1382.94
1107,365,2025-11-25,Gıda,4,397.76
1108,241,2025-11-26,Giyim,1,1443.38
1109,273,2025-11-27,Gıda,2,57.16
1110,253,2025-11-27,Gıda,1,65.82
1111,86,2025-11-27,Elektronik,1,18254.76
1112,32,2025-11-28,Giyim,2,278.79
1113,360,2025-11-28,Gıda,3,126.37
1114,126,2025-11-28,Ev & Yaşam,2,1383.03
1115,267,2025-11-29,Giyim,1,676.22
1116,485,2025-11-29,Gıda,2,173.59
1117,113,2025-11-29,Kozmetik,4,326.09
1118,26,2025-11-30,Kitap & Kırtasiye,1,217.96
1119,358,2025-11-30,Kozmetik,1,298.5
1120,116,2025-11-30,Giyim,1,836.35
1121,294,2025-11-30,Ev & Yaşam,1,876.59
1122,145,2025-11-30,Gıda,3,376.89
1123,140,2025-12-01,Kozmetik,3,609.84
1124,184,2025-12-01,Ev & Yaşam,1,1199.02
1125,379,2025-12-02,Giyim,1,1068.66
1126,497,2025-12-02,Gıda,1,266.06
1127,26,2025-12-02,Giyim,1,416.71
1128,368,2025-12-02,Kozmetik,3,286.37
1129,393,2025-12-03,Gıda,1,131.55
1130,132,2025-12-03,Gıda,1,312.92
1131,32,2025-12-03,Kozmetik,1,332.55
1132,182,2025-12-03,Gıda,1,353.56
1133,55,2025-12-03,Ev & Yaşam,3,1834.46
1134,361,2025-12-03,Gıda,1,391.6
1135,326,2025-12-04,Ev & Yaşam,2,1194.8
1136,469,2025-12-04,Gıda,2,195.05
1137,324,2025-12-04,Elektronik,1,11080.21
1138,67,2025-12-04,Elektronik,1,10765.53
1139,442,2025-12-04,Kozmetik,1,278.3
1140,171,2025-12-05,Ev & Yaşam,1,1989.96
1141,153,2025-12-05,Ev & Yaşam,1,1718.39
1142,295,2025-12-06,Giyim,2,734.35
1143,86,2025-12-06,Kozmetik,1,829.01
1144,48,2025-12-06,Gıda,1,55.18
1145,350,2025-12-06,Gıda,1,327.66
1146,469,2025-12-06,Elektronik,1,10346.63
1147,33,2025-12-06,Gıda,2,254.71
1148,290,2025-12-07,Ev & Yaşam,4,1975.19
1149,86,2025-12-07,Giyim,2,1378.47
1150,443,2025-12-07,Giyim,3,789.86
1151,92,2025-12-07,Giyim,1,1407.94
1152,327,2025-12-07,Kozmetik,1,758.24
1153,72,2025-12-07,Kitap & Kırtasiye,4,233.51
1154,393,2025-12-07,Ev & Yaşam,1,295.39
1155,308,2025-12-07,Kozmetik,2,376.13
1156,106,2025-12-08,Kozmetik,1,544.33
1157,106,2025-12-08,Gıda,1,244.25
1158,417,2025-12-08,Kitap & Kırtasiye,1,348.31
1159,57,2025-12-08,Ev & Yaşam,1,175.2
1160,86,2025-12-09,Giyim,1,544.82
1161,215,2025-12-09,Giyim,2,896.22
1162,171,2025-12-10,Elektronik,1,11536.18
1163,254,2025-12-10,Kitap & Kırtasiye,1,249.54
1164,96,2025-12-10,Gıda,3,101.2
1165,43,2025-12-10,Kozmetik,1,497.27
1166,341,2025-12-10,Ev & Yaşam,1,285.34
1167,232,2025-12-11,Gıda,3,360.3
1168,96,2025-12-11,Kozmetik,2,385.27
1169,290,2025-12-11,Ev & Yaşam,1,1102.12
1170,424,2025-12-11,Ev & Yaşam,1,1666.37
1171,385,2025-12-11,Gıda,1,252.15
1172,355,2025-12-12,Kozmetik,2,873.14
1173,132,2025-12-12,Kitap & Kırtasiye,4,94.79
1174,108,2025-12-12,Gıda,1,160.0
1175,366,2025-12-13,Kitap & Kırtasiye,1,164.41
1176,29,2025-12-13,Gıda,2,160.62
1177,204,2025-12-13,Gıda,1,111.81
1178,498,2025-12-13,Giyim,2,400.57
1179,14,2025-12-13,Giyim,1,1032.21
1180,397,2025-12-13,Giyim,2,780.24
1181,95,2025-12-13,Gıda,1,364.16
1182,424,2025-12-13,Elektronik,1,17952.5
1183,483,2025-12-13,Giyim,1,1325.12
1184,351,2025-12-13,Gıda,1,154.32
1185,150,2025-12-13,Ev & Yaşam,1,1424.31
1186,81,2025-12-13,Ev & Yaşam,1,2646.19
1187,86,2025-12-14,Giyim,1,693.84
1188,50,2025-12-15,Ev & Yaşam,1,2985.09
1189,368,2025-12-15,Gıda,2,164.37
1190,77,2025-12-16,Elektronik,1,3948.89
1191,172,2025-12-16,Gıda,1,372.66
1192,482,2025-12-16,Kozmetik,3,317.32
1193,191,2025-12-16,Ev & Yaşam,1,2903.81
1194,140,2025-12-16,Kitap & Kırtasiye,1,342.1
1195,311,2025-12-16,Gıda,4,398.41
1196,290,2025-12-16,Ev & Yaşam,2,1598.82
1197,377,2025-12-17,Gıda,1,256.67
1198,442,2025-12-18,Giyim,3,424.88
1199,13,2025-12-18,Giyim,2,1295.22
1200,327,2025-12-18,Kozmetik,1,274.7
1201,223,2025-12-18,Gıda,1,203.92
1202,442,2025-12-19,Giyim,4,516.35
1203,221,2025-12-19,Giyim,1,869.46
1204,421,2025-12-19,Gıda,2,234.78
1205,305,2025-12-19,Ev & Yaşam,2,2264.72
1206,143,2025-12-19,Gıda,1,69.98
1207,196,2025-12-20,Gıda,1,76.72
1208,358,2025-12-20,Gıda,1,212.91
1209,2,2025-12-20,Ev & Yaşam,1,1506.21
1210,148,2025-12-20,Giyim,2,838.75
1211,381,2025-12-21,Gıda,1,64.0
1212,193,2025-12-21,Gıda,1,95.98
1213,215,2025-12-21,Elektronik,1,18836.9
1214,132,2025-12-22,Giyim,2,551.78
1215,368,2025-12-22,Elektronik,1,17023.63
1216,469,2025-12-23,Gıda,1,239.32
1217,379,2025-12-23,Gıda,4,86.47
1218,419,2025-12-23,Ev & Yaşam,1,2316.64
1219,422,2025-12-23,Gıda,1,356.52
1220,308,2025-12-23,Giyim,1,1470.12
1221,75,2025-12-24,Gıda,3,178.99
1222,193,2025-12-24,Elektronik,1,22856.45
1223,425,2025-12-24,Ev & Yaşam,1,1573.42
1224,207,2025-12-24,Elektronik,1,15604.07
1225,361,2025-12-24,Gıda,2,269.9
1226,129,2025-12-24,Elektronik,1,24123.09
1227,75,2025-12-24,Ev & Yaşam,1,1363.05
1228,218,2025-12-24,Gıda,1,367.73
1229,337,2025-12-24,Gıda,1,80.35
1230,42,2025-12-25,Ev & Yaşam,1,181.82
1231,468,2025-12-25,Kozmetik,1,304.39
1232,319,2025-12-25,Gıda,2,245.46
1233,258,2025-12-25,Gıda,1,331.92
1234,273,2025-12-26,Ev & Yaşam,1,2784.26
1235,210,2025-12-26,Ev & Yaşam,4,1209.26
1236,193,2025-12-26,Elektronik,1,23619.53
1237,32,2025-12-26,Ev & Yaşam,2,2650.74
1238,484,2025-12-26,Kozmetik,1,885.1
1239,425,2025-12-26,Ev & Yaşam,2,2390.33
1240,403,2025-12-26,Gıda,1,141.32
1241,69,2025-12-27,Kozmetik,1,755.73
1242,294,2025-12-28,Gıda,2,199.41
1243,479,2025-12-28,Giyim,2,266.75
1244,393,2025-12-28,Kozmetik,1,104.87
1245,67,2025-12-28,Gıda,1,143.07
1246,332,2025-12-28,Gıda,2,252.36
1247,256,2025-12-28,Kitap & Kırtasiye,3,326.34
1248,84,2025-12-28,Kozmetik,1,624.17
1249,108,2025-12-28,Elektronik,1,22701.28
1250,377,2025-12-29,Giyim,2,891.35
1251,423,2025-12-29,Giyim,1,1385.23
1252,196,2025-12-29,Gıda,2,326.15
1253,436,2025-12-29,Kozmetik,2,115.73
1254,337,2025-12-30,Gıda,3,346.78
1255,283,2025-12-30,Giyim,2,440.25
1256,193,2025-12-30,Gıda,1,216.75
1257,353,2025-12-31,Gıda,1,208.69
1258,26,2025-12-31,Kozmetik,1,253.72
1259,425,2025-12-31,Kitap & Kırtasiye,1,190.27
1260,196,2025-12-31,Giyim,2,789.35
1261,327,2025-12-31,Ev & Yaşam,2,384.22
1262,14,2025-12-31,Giyim,1,615.38
1263,32,2025-12-31,Elektronik,1,2411.89
1264,126,2025-12-31,Gıda,4,321.53
1265,381,2026-01-01,Kozmetik,2,810.85
1266,153,2026-01-02,Gıda,2,278.34
1267,97,2026-01-03,Gıda,2,351.1
1268,435,2026-01-03,Kozmetik,3,650.79
1269,435,2026-01-03,Gıda,1,118.42
1270,467,2026-01-03,Gıda,2,108.55
1271,75,2026-01-04,Gıda,2,152.69
1272,50,2026-01-04,Giyim,1,476.82
1273,97,2026-01-04,Gıda,1,205.09
1274,55,2026-01-05,Kozmetik,2,230.25
1275,277,2026-01-05,Elektronik,1,21393.45
1276,499,2026-01-05,Gıda,3,157.78
1277,400,2026-01-06,Kozmetik,4,657.6
1278,326,2026-01-06,Ev & Yaşam,2,1877.93
1279,318,2026-01-06,Giyim,1,446.52
1280,86,2026-01-06,Elektronik,1,7069.1
1281,284,2026-01-07,Kozmetik,3,147.76
1282,209,2026-01-07,Gıda,1,208.0
1283,471,2026-01-07,Gıda,1,90.55
1284,297,2026-01-07,Kitap & Kırtasiye,1,215.06
1285,435,2026-01-07,Gıda,1,289.51
1286,151,2026-01-08,Giyim,1,1444.13
1287,325,2026-01-08,Giyim,1,1319.08
1288,13,2026-01-09,Gıda,1,115.93
1289,196,2026-01-09,Gıda,1,102.74
1290,452,2026-01-09,Gıda,1,74.36
1291,181,2026-01-09,Gıda,1,73.85
1292,125,2026-01-10,Giyim,2,886.95
1293,363,2026-01-10,Giyim,3,741.45
1294,75,2026-01-10,Gıda,2,335.54
1295,158,2026-01-10,Gıda,1,265.41
1296,213,2026-01-10,Kozmetik,1,754.16
1297,232,2026-01-10,Gıda,1,192.58
1298,193,2026-01-11,Giyim,2,1472.32
1299,442,2026-01-11,Kozmetik,3,694.58
1300,256,2026-01-11,Giyim,1,1230.19
1301,112,2026-01-11,Giyim,1,1218.7
1302,161,2026-01-12,Kozmetik,1,163.91
1303,380,2026-01-12,Giyim,3,862.15
1304,210,2026-01-12,Giyim,2,1371.96
1305,379,2026-01-12,Giyim,1,1267.17
1306,380,2026-01-12,Kitap & Kırtasiye,1,184.52
1307,318,2026-01-12,Giyim,1,351.73
1308,75,2026-01-13,Kitap & Kırtasiye,3,67.78
1309,381,2026-01-13,Giyim,1,385.19
1310,167,2026-01-13,Giyim,1,329.25
1311,132,2026-01-13,Ev & Yaşam,2,699.4
1312,262,2026-01-13,Gıda,2,236.12
1313,16,2026-01-14,Kozmetik,1,374.17
1314,205,2026-01-14,Kitap & Kırtasiye,1,359.13
1315,43,2026-01-14,Elektronik,1,9809.75
1316,253,2026-01-14,Kozmetik,1,495.52
1317,86,2026-01-14,Gıda,2,213.22
1318,136,2026-01-15,Giyim,1,1226.34
1319,169,2026-01-15,Gıda,1,330.89
1320,385,2026-01-15,Ev & Yaşam,2,2632.1
1321,205,2026-01-16,Giyim,1,451.38
1322,178,2026-01-16,Gıda,1,123.92
1323,193,2026-01-16,Kitap & Kırtasiye,1,311.06
1324,75,2026-01-16,Giyim,2,1459.35
1325,290,2026-01-17,Kozmetik,3,202.31
1326,377,2026-01-17,Ev & Yaşam,1,315.71
1327,223,2026-01-17,Gıda,1,209.34
1328,247,2026-01-17,Gıda,1,337.43
1329,95,2026-01-18,Gıda,2,352.19
1330,377,2026-01-18,Kozmetik,3,208.94
1331,104,2026-01-18,Gıda,1,190.79
1332,383,2026-01-18,Ev & Yaşam,3,710.11
1333,424,2026-01-18,Giyim,1,1329.46
1334,53,2026-01-18,Gıda,1,168.33
1335,113,2026-01-19,Gıda,3,278.08
1336,113,2026-01-19,Kitap & Kırtasiye,1,386.74
1337,157,2026-01-19,Kozmetik,1,609.07
1338,285,2026-01-19,Gıda,2,376.27
1339,126,2026-01-19,Giyim,1,872.1
1340,434,2026-01-19,Kozmetik,1,139.21
1341,424,2026-01-20,Gıda,1,174.33
1342,435,2026-01-20,Giyim,2,495.97
1343,16,2026-01-20,Giyim,1,293.94
1344,143,2026-01-20,Elektronik,1,17014.48
1345,123,2026-01-20,Elektronik,1,12864.83
1346,295,2026-01-20,Kitap & Kırtasiye,1,391.74
1347,441,2026-01-21,Kozmetik,2,231.87
1348,115,2026-01-21,Kozmetik,2,139.59
1349,386,2026-01-21,Ev & Yaşam,1,570.99
1350,357,2026-01-21,Ev & Yaşam,2,2823.05
1351,442,2026-01-21,Gıda,2,87.67
1352,489,2026-01-22,Kozmetik,3,185.1
1353,401,2026-01-22,Giyim,1,821.61
1354,219,2026-01-22,Gıda,1,288.96
1355,387,2026-01-22,Kitap & Kırtasiye,1,119.45
1356,272,2026-01-22,Gıda,3,233.86
1357,125,2026-01-22,Gıda,3,343.59
1358,393,2026-01-22,Giyim,2,1281.11
1359,397,2026-01-23,Giyim,1,627.5
1360,297,2026-01-23,Gıda,2,254.41
1361,123,2026-01-23,Gıda,1,181.62
1362,282,2026-01-23,Gıda,2,387.36
1363,400,2026-01-23,Gıda,2,262.45
1364,262,2026-01-23,Elektronik,1,15322.49
1365,106,2026-01-24,Gıda,3,195.44
1366,484,2026-01-24,Kozmetik,2,748.69
1367,365,2026-01-24,Gıda,1,278.76
1368,273,2026-01-24,Giyim,1,1324.88
1369,285,2026-01-24,Ev & Yaşam,1,2718.3
1370,253,2026-01-24,Kozmetik,1,761.91
1371,91,2026-01-25,Kozmetik,1,357.44
1372,324,2026-01-26,Kozmetik,1,369.93
1373,468,2026-01-26,Giyim,2,430.4
1374,20,2026-01-26,Kitap & Kırtasiye,3,330.18
1375,494,2026-01-26,Giyim,1,1486.36
1376,64,2026-01-26,Elektronik,1,15490.55
1377,109,2026-01-26,Gıda,3,285.77
1378,136,2026-01-26,Gıda,1,364.66
1379,26,2026-01-27,Giyim,1,384.34
1380,295,2026-01-27,Giyim,1,271.55
1381,440,2026-01-27,Kozmetik,1,524.66
1382,193,2026-01-27,Giyim,1,681.73
1383,285,2026-01-27,Giyim,2,962.22
1384,84,2026-01-27,Gıda,2,325.45
1385,367,2026-01-28,Gıda,1,311.33
1386,357,2026-01-28,Elektronik,1,10874.94
1387,195,2026-01-28,Kitap & Kırtasiye,2,323.2
1388,215,2026-01-28,Kitap & Kırtasiye,1,304.61
1389,129,2026-01-28,Kitap & Kırtasiye,1,308.21
1390,442,2026-01-28,Gıda,2,290.64
1391,118,2026-01-28,Giyim,1,1154.51
1392,423,2026-01-28,Ev & Yaşam,1,1819.65
1393,183,2026-01-29,Gıda,1,187.56
1394,126,2026-01-29,Ev & Yaşam,2,234.82
1395,250,2026-01-29,Ev & Yaşam,1,373.79
1396,246,2026-01-29,Giyim,3,958.56
1397,327,2026-01-29,Kitap & Kırtasiye,1,216.18
1398,383,2026-01-29,Gıda,1,115.14
1399,193,2026-01-29,Kozmetik,3,862.56
1400,26,2026-01-30,Elektronik,1,21067.66
1401,180,2026-01-30,Giyim,1,888.28
1402,303,2026-01-31,Giyim,2,971.97
1403,136,2026-01-31,Gıda,3,166.84
1404,193,2026-01-31,Giyim,4,1386.82
1405,74,2026-02-01,Gıda,1,267.62
1406,20,2026-02-01,Elektronik,1,24843.12
1407,285,2026-02-01,Ev & Yaşam,2,485.49
1408,326,2026-02-01,Ev & Yaşam,2,787.07
1409,239,2026-02-01,Ev & Yaşam,1,548.07
1410,212,2026-02-02,Ev & Yaşam,1,2687.69
1411,13,2026-02-02,Giyim,2,858.13
1412,13,2026-02-02,Giyim,1,664.36
1413,357,2026-02-02,Gıda,2,280.68
1414,369,2026-02-03,Kozmetik,1,219.68
1415,325,2026-02-03,Kitap & Kırtasiye,1,336.99
1416,86,2026-02-03,Gıda,1,175.69
1417,86,2026-02-04,Kozmetik,1,472.9
1418,33,2026-02-04,Gıda,2,395.41
1419,180,2026-02-04,Ev & Yaşam,1,1823.74
1420,9,2026-02-04,Gıda,1,151.76
1421,337,2026-02-04,Gıda,1,300.05
1422,485,2026-02-04,Kozmetik,1,278.41
1423,126,2026-02-04,Gıda,1,127.27
1424,196,2026-02-04,Gıda,4,168.63
1425,194,2026-02-05,Gıda,1,243.01
1426,129,2026-02-05,Giyim,2,1383.59
1427,4,2026-02-05,Ev & Yaşam,1,1780.53
1428,292,2026-02-06,Giyim,1,976.97
1429,115,2026-02-06,Giyim,3,1171.8
1430,46,2026-02-06,Gıda,1,262.95
1431,457,2026-02-06,Gıda,3,98.04
1432,126,2026-02-06,Giyim,1,343.59
1433,377,2026-02-07,Gıda,3,224.34
1434,357,2026-02-07,Giyim,1,563.42
1435,381,2026-02-07,Kozmetik,2,263.28
1436,125,2026-02-07,Giyim,2,842.83
1437,57,2026-02-07,Gıda,4,329.15
1438,381,2026-02-07,Gıda,1,389.68
1439,81,2026-02-07,Ev & Yaşam,1,2303.58
1440,91,2026-02-07,Gıda,3,160.31
1441,17,2026-02-07,Ev & Yaşam,1,507.48
1442,442,2026-02-08,Gıda,1,230.26
1443,269,2026-02-08,Giyim,1,740.33
1444,264,2026-02-08,Kozmetik,1,211.77
1445,115,2026-02-08,Gıda,1,75.23
1446,223,2026-02-08,Ev & Yaşam,2,1759.96
1447,467,2026-02-08,Giyim,1,1288.63
1448,285,2026-02-09,Gıda,1,235.82
1449,106,2026-02-09,Gıda,1,122.88
1450,20,2026-02-09,Elektronik,1,8150.63
1451,153,2026-02-09,Kitap & Kırtasiye,1,382.25
1452,50,2026-02-09,Giyim,2,466.19
1453,429,2026-02-09,Giyim,1,534.56
1454,50,2026-02-10,Gıda,1,81.72
1455,244,2026-02-10,Gıda,2,185.54
1456,165,2026-02-10,Kozmetik,4,336.25
1457,61,2026-02-10,Kozmetik,4,166.9
1458,115,2026-02-11,Kitap & Kırtasiye,1,350.85
1459,104,2026-02-11,Ev & Yaşam,1,205.75
1460,193,2026-02-12,Ev & Yaşam,1,1167.21
1461,39,2026-02-12,Ev & Yaşam,2,2612.57
1462,290,2026-02-12,Elektronik,1,10833.89
1463,400,2026-02-12,Ev & Yaşam,2,182.08
1464,365,2026-02-13,Ev & Yaşam,1,964.79
1465,317,2026-02-13,Giyim,1,1247.05
1466,132,2026-02-13,Giyim,1,1070.64
1467,242,2026-02-13,Gıda,1,142.01
1468,182,2026-02-14,Gıda,2,307.56
1469,436,2026-02-14,Kitap & Kırtasiye,3,282.86
1470,442,2026-02-14,Gıda,1,335.3
1471,469,2026-02-14,Gıda,2,79.38
1472,67,2026-02-14,Gıda,2,280.13
1473,424,2026-02-14,Giyim,3,1316.2
1474,422,2026-02-14,Gıda,1,186.66
1475,303,2026-02-14,Giyim,2,388.73
1476,425,2026-02-15,Ev & Yaşam,2,511.53
1477,227,2026-02-15,Kozmetik,1,780.16
1478,419,2026-02-15,Elektronik,1,5697.43
1479,172,2026-02-15,Elektronik,1,5149.21
1480,153,2026-02-15,Giyim,3,1091.28
1481,479,2026-02-15,Giyim,1,1041.65
1482,377,2026-02-16,Giyim,4,250.76
1483,253,2026-02-16,Gıda,1,265.75
1484,231,2026-02-16,Kitap & Kırtasiye,2,93.08
1485,361,2026-02-17,Ev & Yaşam,1,1535.0
1486,418,2026-02-17,Gıda,1,87.88
1487,447,2026-02-17,Kitap & Kırtasiye,1,69.6
1488,309,2026-02-17,Giyim,2,257.7
1489,84,2026-02-17,Giyim,2,783.59
1490,452,2026-02-17,Ev & Yaşam,3,430.76
1491,319,2026-02-17,Kitap & Kırtasiye,1,186.52
1492,387,2026-02-17,Gıda,3,371.79
1493,126,2026-02-17,Kozmetik,3,705.57
1494,167,2026-02-18,Gıda,1,310.78
1495,377,2026-02-18,Kitap & Kırtasiye,1,311.35
1496,91,2026-02-18,Kozmetik,2,762.45
1497,86,2026-02-18,Ev & Yaşam,1,2542.78
1498,297,2026-02-18,Kozmetik,1,671.91
1499,17,2026-02-18,Giyim,1,905.58
1500,91,2026-02-18,Giyim,2,1399.78
1501,325,2026-02-19,Gıda,1,290.44
1502,381,2026-02-19,Elektronik,1,11254.76
1503,290,2026-02-19,Kozmetik,1,554.53
1504,457,2026-02-19,Gıda,1,152.94
1505,425,2026-02-19,Gıda,1,203.64
1506,173,2026-02-19,Ev & Yaşam,3,243.78
1507,328,2026-02-19,Gıda,1,298.5
1508,205,2026-02-19,Ev & Yaşam,2,2299.1
1509,75,2026-02-20,Gıda,1,90.48
1510,325,2026-02-20,Ev & Yaşam,1,530.9
1511,278,2026-02-20,Kitap & Kırtasiye,1,41.0
1512,171,2026-02-20,Gıda,2,239.05
1513,223,2026-02-20,Giyim,1,1190.18
1514,368,2026-02-20,Gıda,2,188.7
1515,115,2026-02-21,Giyim,2,681.72
1516,219,2026-02-21,Giyim,2,1465.32
1517,86,2026-02-21,Giyim,1,723.19
1518,194,2026-02-21,Elektronik,1,24376.77
1519,447,2026-02-21,Gıda,1,84.71
1520,424,2026-02-21,Gıda,1,345.59
1521,441,2026-02-21,Kitap & Kırtasiye,2,370.91
1522,442,2026-02-22,Elektronik,1,14729.42
1523,377,2026-02-22,Gıda,1,291.47
1524,418,2026-02-23,Ev & Yaşam,3,2418.34
1525,61,2026-02-23,Kitap & Kırtasiye,1,115.26
1526,332,2026-02-23,Gıda,1,361.91
1527,367,2026-02-24,Kitap & Kırtasiye,1,249.69
1528,61,2026-02-24,Kozmetik,1,139.62
1529,392,2026-02-24,Kozmetik,2,698.31
1530,323,2026-02-24,Gıda,1,323.12
1531,172,2026-02-24,Kozmetik,1,161.35
1532,327,2026-02-24,Kozmetik,4,161.73
1533,14,2026-02-24,Giyim,2,1000.45
1534,72,2026-02-24,Elektronik,1,10540.7
1535,126,2026-02-24,Kozmetik,1,466.91
1536,92,2026-02-25,Kitap & Kırtasiye,1,225.52
1537,92,2026-02-25,Ev & Yaşam,4,1912.91
1538,418,2026-02-25,Kozmetik,2,584.84
1539,180,2026-02-25,Kozmetik,3,627.41
1540,219,2026-02-25,Gıda,4,287.05
1541,200,2026-02-26,Gıda,2,136.93
1542,325,2026-02-26,Giyim,1,1162.44
1543,316,2026-02-26,Gıda,1,316.73
1544,84,2026-02-26,Elektronik,1,4233.09
1545,486,2026-02-26,Giyim,1,323.43
1546,236,2026-02-27,Kozmetik,2,628.44
1547,129,2026-02-27,Giyim,1,1386.51
1548,210,2026-02-27,Gıda,1,162.45
1549,115,2026-02-27,Gıda,1,176.29
1550,91,2026-02-27,Gıda,1,149.25
1551,115,2026-02-27,Kitap & Kırtasiye,2,69.0
1552,403,2026-02-27,Gıda,1,238.64
1553,434,2026-02-27,Elektronik,1,3908.44
1554,14,2026-02-28,Ev & Yaşam,1,2612.16
1555,156,2026-02-28,Giyim,1,729.84
1556,205,2026-02-28,Ev & Yaşam,1,1916.51
1557,416,2026-03-01,Giyim,3,801.44
1558,61,2026-03-02,Giyim,3,621.25
1559,247,2026-03-02,Gıda,4,212.17
1560,86,2026-03-02,Gıda,3,245.67
1561,193,2026-03-02,Kitap & Kırtasiye,3,286.56
1562,379,2026-03-02,Giyim,2,797.63
1563,317,2026-03-02,Kitap & Kırtasiye,1,303.98
1564,253,2026-03-03,Ev & Yaşam,1,929.12
1565,193,2026-03-03,Gıda,1,269.34
1566,100,2026-03-03,Giyim,1,965.03
1567,444,2026-03-04,Kitap & Kırtasiye,2,56.79
1568,325,2026-03-04,Gıda,2,317.52
1569,115,2026-03-04,Kitap & Kırtasiye,1,376.89
1570,416,2026-03-04,Giyim,1,812.15
1571,371,2026-03-04,Gıda,3,193.7
1572,121,2026-03-05,Gıda,1,182.83
1573,485,2026-03-06,Gıda,4,280.66
1574,145,2026-03-06,Ev & Yaşam,3,2921.35
1575,391,2026-03-06,Ev & Yaşam,1,309.06
1576,377,2026-03-06,Kozmetik,1,484.8
1577,249,2026-03-07,Kitap & Kırtasiye,1,362.14
1578,361,2026-03-07,Gıda,1,169.29
1579,159,2026-03-07,Giyim,1,755.53
1580,493,2026-03-07,Kozmetik,2,757.24
1581,84,2026-03-07,Kozmetik,1,259.76
1582,355,2026-03-07,Gıda,1,186.04
1583,320,2026-03-07,Gıda,2,324.67
1584,423,2026-03-08,Giyim,2,815.96
1585,259,2026-03-08,Gıda,1,178.38
1586,205,2026-03-08,Ev & Yaşam,3,859.14
1587,493,2026-03-09,Gıda,1,218.2
1588,115,2026-03-09,Kozmetik,2,778.53
1589,405,2026-03-09,Gıda,2,237.0
1590,381,2026-03-09,Gıda,2,124.88
1591,247,2026-03-09,Kitap & Kırtasiye,1,168.53
1592,425,2026-03-09,Gıda,2,157.87
1593,100,2026-03-10,Gıda,2,187.56
1594,17,2026-03-10,Gıda,1,106.74
1595,115,2026-03-10,Kozmetik,1,403.2
1596,153,2026-03-10,Kitap & Kırtasiye,1,98.96
1597,383,2026-03-10,Gıda,4,60.28
1598,329,2026-03-10,Gıda,2,62.79
1599,211,2026-03-10,Elektronik,1,4319.87
1600,121,2026-03-10,Ev & Yaşam,2,2036.08
1601,218,2026-03-10,Giyim,1,1357.92
1602,326,2026-03-11,Kozmetik,2,358.36
1603,55,2026-03-11,Kitap & Kırtasiye,4,393.38
1604,328,2026-03-11,Kitap & Kırtasiye,1,371.09
1605,258,2026-03-12,Elektronik,1,20294.25
1606,424,2026-03-12,Ev & Yaşam,1,1750.5
1607,311,2026-03-12,Gıda,2,320.89
1608,425,2026-03-12,Giyim,1,1399.43
1609,427,2026-03-12,Kozmetik,1,646.16
1610,457,2026-03-12,Giyim,1,405.04
1611,290,2026-03-12,Kitap & Kırtasiye,2,369.82
1612,397,2026-03-13,Gıda,1,120.62
1613,273,2026-03-13,Kitap & Kırtasiye,1,359.05
1614,401,2026-03-13,Ev & Yaşam,1,1417.69
1615,265,2026-03-13,Giyim,1,1152.63
1616,363,2026-03-14,Ev & Yaşam,1,1515.96
1617,33,2026-03-14,Gıda,1,322.75
1618,39,2026-03-14,Giyim,1,1317.36
1619,410,2026-03-15,Giyim,1,600.99
1620,213,2026-03-15,Gıda,1,315.24
1621,53,2026-03-15,Giyim,1,1179.21
1622,92,2026-03-15,Elektronik,1,17325.63
1623,177,2026-03-15,Ev & Yaşam,1,508.85
1624,12,2026-03-16,Ev & Yaşam,1,2868.65
1625,278,2026-03-16,Elektronik,1,8205.76
1626,367,2026-03-16,Gıda,1,95.96
1627,202,2026-03-16,Gıda,1,320.3
1628,499,2026-03-16,Ev & Yaşam,1,1607.14
1629,401,2026-03-16,Gıda,2,336.95
1630,409,2026-03-16,Gıda,2,62.86
1631,75,2026-03-17,Gıda,1,288.11
1632,14,2026-03-17,Giyim,1,1254.23
1633,82,2026-03-17,Giyim,2,1291.5
1634,86,2026-03-17,Ev & Yaşam,2,2344.36
1635,469,2026-03-17,Gıda,3,274.29
1636,205,2026-03-17,Gıda,1,147.07
1637,193,2026-03-17,Gıda,1,391.18
1638,145,2026-03-18,Kozmetik,3,604.53
1639,157,2026-03-18,Giyim,1,1491.33
1640,360,2026-03-18,Elektronik,1,9776.73
1641,422,2026-03-18,Ev & Yaşam,1,972.08
1642,193,2026-03-18,Elektronik,1,24739.11
1643,26,2026-03-18,Kozmetik,1,381.53
1644,287,2026-03-18,Elektronik,1,18183.15
1645,258,2026-03-19,Ev & Yaşam,1,2537.79
1646,177,2026-03-19,Gıda,2,256.73
1647,17,2026-03-19,Gıda,1,341.65
1648,407,2026-03-19,Ev & Yaşam,2,567.49
1649,334,2026-03-19,Giyim,1,1090.65
1650,75,2026-03-20,Elektronik,1,9231.21
1651,74,2026-03-21,Giyim,1,1175.52
1652,26,2026-03-21,Gıda,2,94.49
1653,75,2026-03-21,Giyim,1,430.6
1654,259,2026-03-21,Kitap & Kırtasiye,1,211.07
1655,400,2026-03-21,Gıda,1,354.87
1656,213,2026-03-22,Gıda,1,255.09
1657,126,2026-03-22,Gıda,1,331.25
1658,221,2026-03-24,Giyim,2,934.69
1659,377,2026-03-24,Kitap & Kırtasiye,3,209.14
1660,253,2026-03-24,Giyim,1,878.73
1661,115,2026-03-24,Ev & Yaşam,1,2782.16
1662,156,2026-03-25,Gıda,1,67.71
1663,91,2026-03-25,Kitap & Kırtasiye,2,274.79
1664,43,2026-03-25,Gıda,1,194.07
1665,115,2026-03-26,Kitap & Kırtasiye,2,180.63
1666,205,2026-03-26,Gıda,1,180.47
1667,428,2026-03-26,Gıda,2,272.27
1668,181,2026-03-26,Gıda,4,248.18
1669,330,2026-03-26,Giyim,1,1212.27
1670,219,2026-03-27,Giyim,2,715.49
1671,427,2026-03-27,Giyim,1,289.08
1672,283,2026-03-27,Giyim,1,1092.89
1673,33,2026-03-28,Gıda,1,50.52
1674,32,2026-03-28,Gıda,1,106.85
1675,169,2026-03-28,Ev & Yaşam,4,812.68
1676,377,2026-03-28,Elektronik,1,24573.62
1677,159,2026-03-28,Gıda,3,341.52
1678,434,2026-03-29,Kitap & Kırtasiye,1,98.57
1679,259,2026-03-29,Giyim,1,513.54
1680,499,2026-03-29,Gıda,1,324.9
1681,327,2026-03-29,Ev & Yaşam,1,499.61
1682,17,2026-03-30,Gıda,1,277.78
1683,108,2026-03-30,Gıda,1,345.68
1684,50,2026-03-30,Gıda,1,324.7
1685,118,2026-03-30,Giyim,1,413.67
1686,188,2026-03-30,Giyim,1,1013.94
1687,12,2026-03-31,Kozmetik,1,786.53
1688,494,2026-04-01,Gıda,1,116.28
1689,442,2026-04-01,Ev & Yaşam,1,1090.47
1690,316,2026-04-01,Giyim,2,926.55
1691,78,2026-04-01,Kozmetik,1,866.24
1692,106,2026-04-01,Kitap & Kırtasiye,1,346.23
1693,74,2026-04-02,Gıda,1,53.71
1694,115,2026-04-02,Kozmetik,2,170.76
1695,423,2026-04-02,Ev & Yaşam,1,1837.58
1696,249,2026-04-03,Ev & Yaşam,1,2666.32
1697,447,2026-04-03,Gıda,1,170.27
1698,75,2026-04-03,Giyim,1,998.15
1699,397,2026-04-03,Ev & Yaşam,1,477.25
1700,260,2026-04-03,Kitap & Kırtasiye,2,313.09
1701,115,2026-04-03,Kitap & Kırtasiye,1,249.0
1702,30,2026-04-04,Gıda,1,113.75
1703,136,2026-04-04,Ev & Yaşam,4,2135.34
1704,484,2026-04-04,Gıda,1,395.64
1705,468,2026-04-05,Giyim,2,1103.43
1706,419,2026-04-06,Giyim,1,742.96
1707,101,2026-04-06,Giyim,1,1147.68
1708,264,2026-04-06,Kozmetik,2,308.99
1709,409,2026-04-06,Gıda,2,69.93
1710,97,2026-04-06,Gıda,1,298.24
1711,467,2026-04-06,Kozmetik,2,720.42
1712,104,2026-04-06,Gıda,1,360.03
1713,249,2026-04-06,Giyim,1,1404.72
1714,262,2026-04-06,Elektronik,1,7494.99
1715,457,2026-04-07,Ev & Yaşam,2,2094.05
1716,377,2026-04-07,Gıda,2,99.65
1717,461,2026-04-07,Ev & Yaşam,1,493.78
1718,326,2026-04-07,Gıda,1,288.72
1719,10,2026-04-07,Elektronik,1,5863.66
1720,43,2026-04-07,Gıda,1,300.48
1721,416,2026-04-07,Gıda,1,111.21
1722,16,2026-04-07,Ev & Yaşam,1,1656.21
1723,26,2026-04-07,Kozmetik,1,786.64
1724,425,2026-04-07,Giyim,2,744.97
1725,103,2026-04-07,Kozmetik,1,258.66
1726,253,2026-04-07,Kitap & Kırtasiye,1,330.32
1727,326,2026-04-08,Gıda,1,378.73
1728,50,2026-04-08,Giyim,1,888.14
1729,259,2026-04-08,Kozmetik,2,553.48
1730,233,2026-04-08,Gıda,1,367.35
1731,158,2026-04-08,Ev & Yaşam,1,1994.86
1732,183,2026-04-09,Ev & Yaşam,1,2211.92
1733,4,2026-04-09,Gıda,1,55.12
1734,233,2026-04-09,Ev & Yaşam,2,475.17
1735,108,2026-04-09,Gıda,2,217.06
1736,383,2026-04-09,Gıda,1,319.7
1737,116,2026-04-09,Giyim,2,1098.96
1738,358,2026-04-10,Gıda,1,68.18
1739,334,2026-04-10,Gıda,1,372.63
1740,193,2026-04-10,Giyim,2,1448.59
1741,403,2026-04-10,Giyim,2,424.23
1742,462,2026-04-10,Kitap & Kırtasiye,2,107.19
1743,232,2026-04-10,Ev & Yaşam,1,2687.06
1744,202,2026-04-10,Kozmetik,1,183.43
1745,320,2026-04-10,Gıda,2,326.31
1746,348,2026-04-10,Kozmetik,2,140.62
1747,383,2026-04-11,Ev & Yaşam,3,2602.38
1748,106,2026-04-11,Gıda,3,317.97
1749,207,2026-04-11,Gıda,1,140.8
1750,347,2026-04-11,Ev & Yaşam,1,166.35
1751,258,2026-04-11,Gıda,1,384.75
1752,381,2026-04-11,Gıda,1,295.43
1753,341,2026-04-11,Elektronik,1,4102.19
1754,236,2026-04-12,Kozmetik,1,856.79
1755,259,2026-04-12,Giyim,1,1157.94
1756,175,2026-04-12,Kozmetik,1,291.8
1757,462,2026-04-12,Elektronik,1,19676.29
1758,377,2026-04-12,Gıda,4,345.43
1759,15,2026-04-13,Elektronik,1,15522.4
1760,355,2026-04-13,Gıda,2,323.43
1761,55,2026-04-13,Elektronik,1,19180.81
1762,136,2026-04-13,Kozmetik,1,812.46
1763,387,2026-04-14,Giyim,2,641.43
1764,119,2026-04-14,Ev & Yaşam,3,2446.01
1765,457,2026-04-15,Gıda,1,363.32
1766,365,2026-04-15,Gıda,2,229.7
1767,262,2026-04-15,Giyim,1,969.58
1768,115,2026-04-15,Gıda,2,80.12
1769,442,2026-04-15,Gıda,3,251.85
1770,403,2026-04-15,Giyim,3,569.72
1771,38,2026-04-15,Ev & Yaşam,2,2504.5
1772,263,2026-04-15,Giyim,1,1113.34
1773,204,2026-04-15,Kitap & Kırtasiye,2,326.57
1774,9,2026-04-15,Gıda,4,86.65
1775,371,2026-04-16,Gıda,1,346.06
1776,165,2026-04-16,Gıda,1,308.47
1777,318,2026-04-16,Elektronik,1,12952.87
1778,427,2026-04-16,Giyim,1,850.73
1779,288,2026-04-16,Gıda,1,283.59
1780,485,2026-04-16,Gıda,1,141.14
1781,32,2026-04-16,Giyim,2,1388.85
1782,32,2026-04-17,Kitap & Kırtasiye,1,151.0
1783,337,2026-04-18,Kitap & Kırtasiye,2,77.4
1784,126,2026-04-18,Elektronik,1,2623.79
1785,319,2026-04-18,Kozmetik,3,215.48
1786,273,2026-04-18,Gıda,2,251.06
1787,461,2026-04-19,Gıda,1,368.59
1788,154,2026-04-19,Gıda,1,109.73
1789,311,2026-04-19,Gıda,1,100.66
1790,92,2026-04-19,Elektronik,1,20763.4
1791,183,2026-04-19,Gıda,1,58.76
1792,247,2026-04-19,Gıda,2,365.46
1793,249,2026-04-19,Gıda,1,286.17
1794,368,2026-04-20,Gıda,2,372.45
1795,355,2026-04-20,Gıda,2,357.77
1796,446,2026-04-20,Kitap & Kırtasiye,2,318.01
1797,253,2026-04-21,Giyim,2,570.87
1798,12,2026-04-21,Elektronik,1,11482.14
1799,297,2026-04-21,Giyim,1,855.56
1800,19,2026-04-21,Giyim,1,1278.8
1801,50,2026-04-21,Kitap & Kırtasiye,2,273.38
1802,439,2026-04-22,Giyim,2,259.84
1803,312,2026-04-22,Kozmetik,1,813.91
1804,462,2026-04-22,Gıda,1,99.03
1805,242,2026-04-22,Gıda,1,340.47
1806,284,2026-04-23,Giyim,1,907.79
1807,308,2026-04-23,Giyim,1,921.1
1808,91,2026-04-23,Giyim,1,396.49
1809,15,2026-04-23,Kozmetik,1,575.05
1810,283,2026-04-23,Giyim,1,1118.89
1811,319,2026-04-24,Kitap & Kırtasiye,3,281.8
1812,84,2026-04-24,Elektronik,1,19472.63
1813,391,2026-04-24,Elektronik,1,8317.74
1814,193,2026-04-24,Giyim,2,823.86
1815,81,2026-04-24,Giyim,1,827.24
1816,156,2026-04-25,Giyim,1,1004.93
1817,355,2026-04-25,Ev & Yaşam,4,1163.44
1818,207,2026-04-25,Giyim,1,1017.73
1819,218,2026-04-25,Kozmetik,1,863.17
1820,126,2026-04-25,Gıda,4,121.74
1821,273,2026-04-25,Kozmetik,1,668.58
1822,153,2026-04-25,Gıda,1,246.15
1823,233,2026-04-25,Ev & Yaşam,1,1570.28
1824,123,2026-04-25,Gıda,2,314.23
1825,437,2026-04-26,Kozmetik,1,693.87
1826,416,2026-04-26,Kozmetik,1,560.05
1827,242,2026-04-26,Elektronik,1,14447.88
1828,74,2026-04-26,Kitap & Kırtasiye,2,309.03
1829,32,2026-04-27,Gıda,2,337.4
1830,355,2026-04-27,Elektronik,1,4276.23
1831,111,2026-04-28,Ev & Yaşam,1,2540.57
1832,75,2026-04-28,Gıda,1,268.95
1833,69,2026-04-28,Elektronik,1,4615.67
1834,400,2026-04-28,Gıda,1,310.9
1835,193,2026-04-28,Gıda,1,91.19
1836,97,2026-04-28,Giyim,1,873.76
1837,42,2026-04-28,Kitap & Kırtasiye,1,338.68
1838,129,2026-04-28,Elektronik,1,11071.1
1839,371,2026-04-29,Giyim,2,1456.24
1840,447,2026-04-29,Ev & Yaşam,1,2153.61
1841,115,2026-04-29,Gıda,1,151.77
1842,397,2026-04-29,Ev & Yaşam,1,420.65
1843,416,2026-04-29,Kitap & Kırtasiye,2,158.02
1844,388,2026-04-29,Giyim,1,314.54
1845,330,2026-04-29,Gıda,2,63.84
1846,410,2026-04-29,Gıda,2,225.89
1847,140,2026-04-30,Kozmetik,1,543.09
1848,26,2026-04-30,Giyim,1,490.67
1849,75,2026-04-30,Gıda,1,205.79
1850,208,2026-04-30,Kitap & Kırtasiye,2,328.63
1851,34,2026-04-30,Gıda,1,108.8
1852,7,2026-04-30,Gıda,1,110.8
1853,17,2026-04-30,Kitap & Kırtasiye,1,275.94
1854,392,2026-05-01,Gıda,2,56.23
1855,75,2026-05-01,Elektronik,1,6326.79
1856,97,2026-05-01,Elektronik,1,13281.03
1857,381,2026-05-02,Gıda,1,292.26
1858,439,2026-05-02,Gıda,1,130.78
1859,387,2026-05-02,Elektronik,1,5335.97
1860,96,2026-05-02,Gıda,2,269.0
1861,381,2026-05-02,Gıda,2,122.02
1862,381,2026-05-03,Gıda,1,108.37
1863,356,2026-05-03,Kozmetik,1,148.81
1864,377,2026-05-03,Kitap & Kırtasiye,1,305.31
1865,457,2026-05-03,Elektronik,1,1816.53
1866,205,2026-05-03,Gıda,1,58.28
1867,69,2026-05-03,Gıda,1,151.54
1868,343,2026-05-04,Gıda,1,160.24
1869,54,2026-05-04,Ev & Yaşam,3,762.81
1870,86,2026-05-04,Giyim,1,1385.17
1871,75,2026-05-04,Elektronik,1,15533.92
1872,157,2026-05-04,Gıda,2,134.54
1873,242,2026-05-04,Gıda,1,279.8
1874,386,2026-05-04,Giyim,2,1130.86
1875,292,2026-05-05,Ev & Yaşam,1,1805.38
1876,435,2026-05-05,Kozmetik,4,785.41
1877,468,2026-05-05,Elektronik,1,2049.15
1878,153,2026-05-05,Elektronik,1,22855.82
1879,173,2026-05-06,Giyim,1,741.44
1880,295,2026-05-06,Gıda,1,180.63
1881,249,2026-05-06,Kozmetik,4,519.54
1882,143,2026-05-06,Gıda,1,68.51
1883,270,2026-05-06,Gıda,2,335.93
1884,452,2026-05-06,Ev & Yaşam,1,1385.36
1885,91,2026-05-06,Ev & Yaşam,4,1044.12
1886,351,2026-05-07,Gıda,1,117.95
1887,158,2026-05-07,Gıda,1,206.07
1888,397,2026-05-07,Gıda,1,375.48
1889,333,2026-05-07,Giyim,1,1300.79
1890,442,2026-05-07,Ev & Yaşam,3,1812.03
1891,447,2026-05-07,Kozmetik,1,353.41
1892,39,2026-05-07,Gıda,4,63.94
1893,482,2026-05-07,Ev & Yaşam,2,205.7
1894,153,2026-05-08,Gıda,1,275.59
1895,31,2026-05-08,Gıda,1,74.21
1896,288,2026-05-08,Elektronik,1,4355.72
1897,269,2026-05-08,Ev & Yaşam,1,2052.69
1898,288,2026-05-09,Gıda,3,344.75
1899,180,2026-05-09,Giyim,1,290.99
1900,410,2026-05-09,Giyim,1,323.55
1901,368,2026-05-09,Kozmetik,1,810.6
1902,91,2026-05-09,Gıda,1,239.46
1903,143,2026-05-10,Elektronik,1,21672.29
1904,242,2026-05-10,Gıda,1,163.48
1905,116,2026-05-10,Elektronik,1,22449.73
1906,381,2026-05-10,Elektronik,1,24563.97
1907,348,2026-05-10,Gıda,2,189.13
1908,189,2026-05-10,Ev & Yaşam,3,1594.39
1909,392,2026-05-10,Ev & Yaşam,1,248.18
1910,86,2026-05-10,Gıda,2,387.79
1911,103,2026-05-10,Elektronik,1,7158.01
1912,291,2026-05-11,Ev & Yaşam,1,1956.42
1913,249,2026-05-11,Ev & Yaşam,1,2932.95
1914,318,2026-05-11,Gıda,1,95.86
1915,357,2026-05-11,Kitap & Kırtasiye,1,264.04
1916,116,2026-05-11,Gıda,2,325.78
1917,273,2026-05-11,Giyim,2,1004.03
1918,324,2026-05-11,Gıda,4,170.07
1919,233,2026-05-12,Giyim,2,1340.69
1920,400,2026-05-12,Elektronik,1,8897.76
1921,249,2026-05-12,Elektronik,1,20181.26
1922,290,2026-05-12,Gıda,1,396.01
1923,462,2026-05-12,Kitap & Kırtasiye,2,278.7
1924,301,2026-05-12,Elektronik,1,20252.53
1925,428,2026-05-12,Gıda,1,110.51
1926,481,2026-05-12,Gıda,1,118.25
1927,383,2026-05-13,Gıda,1,149.07
1928,97,2026-05-13,Kitap & Kırtasiye,1,266.01
1929,125,2026-05-14,Giyim,3,933.6
1930,193,2026-05-14,Elektronik,1,22723.34
1931,284,2026-05-14,Gıda,1,69.96
1932,12,2026-05-14,Gıda,1,353.3
1933,50,2026-05-14,Kozmetik,1,559.97
1934,424,2026-05-14,Giyim,4,657.82
1935,13,2026-05-14,Giyim,1,984.01
1936,221,2026-05-15,Giyim,1,1057.23
1937,139,2026-05-15,Giyim,1,1046.8
1938,387,2026-05-15,Gıda,1,386.62
1939,56,2026-05-15,Giyim,2,1230.31
1940,145,2026-05-15,Giyim,1,437.78
1941,39,2026-05-15,Giyim,1,437.28
1942,424,2026-05-16,Gıda,2,381.15
1943,28,2026-05-16,Gıda,1,60.21
1944,437,2026-05-16,Kitap & Kırtasiye,2,354.23
1945,132,2026-05-16,Gıda,3,295.3
1946,357,2026-05-16,Kozmetik,2,188.51
1947,153,2026-05-16,Gıda,1,161.95
1948,454,2026-05-16,Ev & Yaşam,2,244.81
1949,193,2026-05-16,Giyim,3,986.81
1950,59,2026-05-16,Kitap & Kırtasiye,1,116.2
1951,25,2026-05-17,Ev & Yaşam,1,1622.21
1952,291,2026-05-17,Gıda,3,253.75
1953,258,2026-05-17,Gıda,1,58.8
1954,435,2026-05-17,Elektronik,1,17254.82
1955,294,2026-05-18,Ev & Yaşam,3,2723.58
1956,416,2026-05-18,Gıda,3,145.77
1957,78,2026-05-18,Elektronik,1,22867.43
1958,249,2026-05-19,Giyim,1,1435.71
1959,84,2026-05-19,Gıda,1,192.0
1960,91,2026-05-19,Elektronik,1,4239.6
1961,358,2026-05-19,Giyim,1,576.56
1962,291,2026-05-19,Kitap & Kırtasiye,1,79.7
1963,115,2026-05-19,Gıda,2,345.15
1964,43,2026-05-19,Elektronik,1,17040.69
1965,131,2026-05-19,Giyim,1,646.09
1966,325,2026-05-19,Elektronik,1,16848.85
1967,103,2026-05-20,Ev & Yaşam,1,855.55
1968,101,2026-05-20,Kitap & Kırtasiye,1,393.02
1969,249,2026-05-20,Kozmetik,2,432.66
1970,363,2026-05-20,Ev & Yaşam,1,2765.77
1971,242,2026-05-20,Kozmetik,2,539.38
1972,198,2026-05-21,Ev & Yaşam,1,2725.01
1973,121,2026-05-21,Kozmetik,2,645.77
1974,457,2026-05-21,Gıda,1,211.49
1975,400,2026-05-21,Kozmetik,1,697.83
1976,227,2026-05-21,Ev & Yaşam,1,724.53
1977,78,2026-05-21,Giyim,3,705.06
1978,441,2026-05-21,Gıda,1,130.82
1979,448,2026-05-21,Gıda,1,73.6
1980,106,2026-05-21,Kozmetik,1,327.38
1981,280,2026-05-21,Gıda,1,156.06
1982,418,2026-05-22,Giyim,1,1367.46
1983,366,2026-05-22,Ev & Yaşam,1,2939.27
1984,30,2026-05-22,Kitap & Kırtasiye,1,48.69
1985,383,2026-05-22,Gıda,1,326.19
1986,255,2026-05-23,Kozmetik,1,128.17
1987,32,2026-05-23,Giyim,1,469.64
1988,223,2026-05-23,Gıda,1,164.18
1989,292,2026-05-24,Gıda,3,332.81
1990,466,2026-05-24,Ev & Yaşam,3,2064.47
1991,163,2026-05-24,Giyim,1,1406.94
1992,309,2026-05-24,Ev & Yaşam,1,231.12
1993,457,2026-05-24,Giyim,2,835.53
1994,32,2026-05-24,Kitap & Kırtasiye,1,269.52
1995,233,2026-05-24,Giyim,1,343.04
1996,29,2026-05-24,Kozmetik,3,172.38
1997,356,2026-05-24,Gıda,1,339.83
1998,121,2026-05-25,Kozmetik,1,547.74
1999,75,2026-05-25,Kitap & Kırtasiye,1,229.58
2000,118,2026-05-25,Giyim,1,1432.96
2001,357,2026-05-25,Gıda,3,253.74
2002,5,2026-05-25,Elektronik,1,13344.55
2003,126,2026-05-25,Gıda,2,63.61
2004,147,2026-05-26,Kozmetik,1,612.82
2005,258,2026-05-26,Ev & Yaşam,1,2990.95
2006,91,2026-05-26,Kozmetik,3,415.82
2007,111,2026-05-26,Gıda,1,303.85
2008,43,2026-05-26,Gıda,1,332.06
2009,355,2026-05-26,Gıda,1,69.03
2010,106,2026-05-26,Giyim,2,473.73
2011,397,2026-05-27,Gıda,2,180.32
2012,81,2026-05-27,Ev & Yaşam,1,2645.21
2013,105,2026-05-27,Gıda,1,388.48
2014,75,2026-05-27,Kozmetik,1,885.21
2015,369,2026-05-27,Kozmetik,3,549.05
2016,194,2026-05-27,Giyim,1,1446.01
2017,349,2026-05-28,Kozmetik,2,888.53
2018,409,2026-05-28,Gıda,1,104.8
2019,115,2026-05-28,Elektronik,1,17933.74
2020,73,2026-05-28,Gıda,3,386.99
2021,140,2026-05-28,Gıda,3,90.72
2022,218,2026-05-28,Kozmetik,4,850.31
2023,457,2026-05-28,Gıda,1,95.93
2024,14,2026-05-28,Kitap & Kırtasiye,1,134.93
2025,337,2026-05-29,Giyim,1,776.88
2026,65,2026-05-29,Kitap & Kırtasiye,1,124.86
2027,126,2026-05-29,Ev & Yaşam,2,2874.2
2028,259,2026-05-29,Giyim,1,1019.9
2029,177,2026-05-29,Kozmetik,2,205.26
2030,92,2026-05-29,Gıda,3,205.74
2031,120,2026-05-29,Elektronik,1,20567.37
2032,125,2026-05-29,Gıda,2,357.47
2033,327,2026-05-29,Ev & Yaşam,1,1373.95
2034,239,2026-05-30,Ev & Yaşam,2,2984.03
2035,258,2026-05-30,Gıda,1,102.2
2036,156,2026-05-30,Elektronik,1,6592.98
2037,133,2026-05-30,Gıda,2,211.37
2038,53,2026-05-30,Kozmetik,1,261.05
2039,379,2026-05-31,Giyim,1,1215.15
2040,443,2026-05-31,Elektronik,1,3049.51
2041,488,2026-05-31,Elektronik,1,9914.53
2042,44,2026-05-31,Kozmetik,1,159.25
2043,233,2026-05-31,Gıda,1,100.77
2044,73,2026-05-31,Giyim,1,1153.86
2045,38,2026-06-01,Elektronik,1,14253.91
2046,183,2026-06-01,Gıda,2,370.9
2047,434,2026-06-01,Giyim,3,309.82
2048,462,2026-06-02,Gıda,1,381.97
2049,436,2026-06-02,Kozmetik,2,343.31
2050,233,2026-06-02,Giyim,3,382.59
2051,369,2026-06-02,Gıda,1,66.3
2052,18,2026-06-02,Gıda,2,289.18
2053,360,2026-06-02,Elektronik,1,7241.71
2054,383,2026-06-03,Kozmetik,4,581.27
2055,421,2026-06-03,Gıda,3,109.17
2056,377,2026-06-03,Ev & Yaşam,1,1735.91
2057,317,2026-06-03,Gıda,2,148.53
2058,112,2026-06-04,Giyim,1,1285.78
2059,132,2026-06-04,Kitap & Kırtasiye,1,318.38
2060,20,2026-06-04,Kozmetik,1,635.39
2061,126,2026-06-04,Kozmetik,1,700.11
2062,462,2026-06-04,Giyim,1,1002.7
2063,75,2026-06-05,Gıda,2,350.64
2064,291,2026-06-05,Elektronik,1,5401.42
2065,91,2026-06-05,Kozmetik,1,620.58
2066,153,2026-06-05,Ev & Yaşam,2,2960.76
2067,115,2026-06-05,Kozmetik,1,170.39
2068,219,2026-06-06,Giyim,2,641.55
2069,53,2026-06-06,Gıda,3,245.88
2070,377,2026-06-06,Ev & Yaşam,1,1725.09
2071,236,2026-06-06,Giyim,3,425.73
2072,217,2026-06-06,Gıda,1,366.28
2073,200,2026-06-06,Giyim,2,1109.81
2074,179,2026-06-06,Giyim,1,731.87
2075,311,2026-06-06,Gıda,2,83.35
2076,194,2026-06-07,Gıda,2,144.51
2077,46,2026-06-07,Gıda,1,246.4
2078,4,2026-06-08,Elektronik,1,2292.36
2079,294,2026-06-08,Ev & Yaşam,1,516.72
2080,227,2026-06-08,Gıda,1,139.88
2081,425,2026-06-08,Giyim,4,630.54
2082,68,2026-06-08,Kitap & Kırtasiye,1,179.64
2083,273,2026-06-09,Giyim,1,646.49
2084,207,2026-06-09,Kozmetik,1,207.08
2085,86,2026-06-09,Gıda,2,137.5
2086,332,2026-06-09,Elektronik,1,23775.37
2087,305,2026-06-09,Giyim,1,813.3
2088,424,2026-06-09,Kozmetik,3,348.92
2089,283,2026-06-10,Gıda,1,340.17
2090,75,2026-06-10,Giyim,1,283.25
2091,139,2026-06-10,Kitap & Kırtasiye,1,263.52
2092,165,2026-06-10,Kitap & Kırtasiye,4,198.59
2093,320,2026-06-10,Gıda,1,109.67
2094,332,2026-06-10,Ev & Yaşam,1,1974.07
2095,179,2026-06-10,Gıda,1,369.32
2096,126,2026-06-10,Ev & Yaşam,1,2700.94
2097,232,2026-06-10,Giyim,1,1114.05
2098,249,2026-06-11,Ev & Yaşam,1,455.18
2099,159,2026-06-11,Ev & Yaşam,1,2148.39
2100,390,2026-06-11,Elektronik,1,3089.22
2101,133,2026-06-11,Elektronik,1,3654.02
2102,172,2026-06-11,Gıda,1,51.72
2103,435,2026-06-11,Giyim,1,1153.84
2104,290,2026-06-11,Kozmetik,2,816.53
2105,165,2026-06-12,Gıda,2,219.37
2106,287,2026-06-12,Gıda,2,246.6
2107,115,2026-06-12,Giyim,2,859.49
2108,320,2026-06-12,Gıda,2,229.83
2109,102,2026-06-12,Kozmetik,4,514.1
2110,377,2026-06-13,Giyim,2,1159.79
2111,32,2026-06-13,Gıda,1,186.74
2112,355,2026-06-13,Gıda,1,332.67
2113,337,2026-06-13,Giyim,1,693.37
2114,86,2026-06-13,Gıda,1,81.22
2115,116,2026-06-13,Kozmetik,2,340.35
2116,115,2026-06-13,Ev & Yaşam,1,2728.75
2117,229,2026-06-14,Gıda,3,202.61
2118,75,2026-06-14,Kozmetik,2,701.5
2119,377,2026-06-14,Kozmetik,4,149.55
2120,115,2026-06-14,Gıda,2,145.11
2121,400,2026-06-14,Gıda,1,224.17
2122,91,2026-06-15,Gıda,2,154.28
2123,115,2026-06-15,Kozmetik,3,377.39
2124,202,2026-06-15,Kozmetik,4,263.09
2125,61,2026-06-16,Giyim,1,628.79
2126,377,2026-06-16,Gıda,1,252.62
2127,269,2026-06-16,Ev & Yaşam,2,1723.08
2128,102,2026-06-16,Gıda,2,126.27
2129,353,2026-06-16,Elektronik,1,16115.75
2130,301,2026-06-16,Kozmetik,1,174.83
2131,39,2026-06-16,Ev & Yaşam,4,1499.73
2132,325,2026-06-16,Kitap & Kırtasiye,1,79.99
2133,397,2026-06-16,Ev & Yaşam,1,858.49
2134,102,2026-06-17,Giyim,1,619.72
2135,230,2026-06-17,Gıda,1,167.57
2136,106,2026-06-17,Gıda,1,97.7
2137,294,2026-06-17,Ev & Yaşam,2,1987.52
2138,200,2026-06-18,Gıda,1,314.57
2139,55,2026-06-18,Giyim,1,370.2
2140,436,2026-06-18,Giyim,4,820.88
2141,349,2026-06-18,Kozmetik,2,759.06
2142,149,2026-06-18,Giyim,1,319.99
2143,151,2026-06-18,Giyim,2,1453.54
2144,484,2026-06-19,Kozmetik,1,866.87
2145,86,2026-06-19,Gıda,1,74.02
2146,291,2026-06-19,Gıda,1,378.44
2147,133,2026-06-19,Gıda,1,252.19
2148,421,2026-06-20,Giyim,4,513.22
2149,38,2026-06-20,Giyim,2,1289.09
2150,249,2026-06-20,Giyim,1,800.83
2151,53,2026-06-20,Kozmetik,1,492.48
2152,121,2026-06-20,Kitap & Kırtasiye,1,141.28
2153,91,2026-06-20,Gıda,2,221.75
2154,182,2026-06-20,Kozmetik,1,788.7
2155,19,2026-06-20,Giyim,3,604.82
2156,290,2026-06-21,Gıda,1,69.7
2157,446,2026-06-21,Gıda,1,362.85
2158,103,2026-06-21,Kozmetik,1,551.84
2159,13,2026-06-21,Ev & Yaşam,1,2022.33
2160,338,2026-06-21,Kozmetik,1,141.24
2161,457,2026-06-22,Elektronik,1,20245.71
2162,18,2026-06-22,Kitap & Kırtasiye,2,332.25
2163,398,2026-06-23,Kitap & Kırtasiye,1,40.56
2164,312,2026-06-23,Gıda,2,199.68
2165,126,2026-06-23,Gıda,1,226.12
2166,155,2026-06-23,Kozmetik,4,390.83
2167,400,2026-06-23,Kozmetik,3,668.81
2168,31,2026-06-23,Gıda,2,289.29
2169,320,2026-06-23,Giyim,1,386.76
2170,400,2026-06-23,Gıda,1,169.65
2171,258,2026-06-23,Gıda,1,253.32
2172,400,2026-06-24,Gıda,1,283.33
2173,119,2026-06-24,Gıda,2,176.34
2174,198,2026-06-24,Giyim,3,965.91
2175,418,2026-06-24,Gıda,2,173.74
2176,290,2026-06-24,Kitap & Kırtasiye,1,173.03
2177,365,2026-06-24,Gıda,3,314.98
2178,269,2026-06-25,Gıda,3,173.52
2179,337,2026-06-25,Gıda,2,233.43
2180,102,2026-06-25,Kozmetik,3,658.73
2181,346,2026-06-25,Gıda,3,174.61
2182,92,2026-06-25,Gıda,1,262.84
2183,381,2026-06-25,Gıda,3,150.23
2184,259,2026-06-25,Kozmetik,2,241.99
2185,326,2026-06-25,Gıda,2,53.44
2186,447,2026-06-25,Elektronik,1,8172.21
2187,119,2026-06-25,Elektronik,1,2414.57
2188,65,2026-06-26,Kozmetik,3,712.24
2189,172,2026-06-26,Gıda,1,92.66
2190,102,2026-06-26,Kitap & Kırtasiye,3,324.28
2191,446,2026-06-26,Giyim,1,1142.01
2192,119,2026-06-26,Gıda,1,74.93
2193,156,2026-06-26,Gıda,4,68.48
2194,209,2026-06-26,Gıda,2,136.85
2195,143,2026-06-26,Kitap & Kırtasiye,2,181.33
2196,23,2026-06-26,Giyim,2,545.18
2197,100,2026-06-26,Giyim,2,495.22
2198,106,2026-06-26,Gıda,1,361.64
2199,264,2026-06-26,Elektronik,1,14148.92
2200,347,2026-06-27,Kozmetik,1,681.78
2201,469,2026-06-27,Gıda,2,95.99
2202,232,2026-06-27,Kozmetik,1,479.27
2203,229,2026-06-27,Kozmetik,3,776.81
2204,402,2026-06-27,Gıda,1,364.13
2205,350,2026-06-27,Giyim,1,1178.24
2206,183,2026-06-28,Gıda,1,167.69
2207,486,2026-06-28,Ev & Yaşam,2,1039.3
2208,437,2026-06-28,Gıda,2,208.88
2209,9,2026-06-29,Gıda,2,345.09
2210,200,2026-06-29,Gıda,2,385.21
2211,349,2026-06-29,Giyim,3,1211.72
2212,42,2026-06-29,Gıda,1,134.35
2213,424,2026-06-29,Gıda,1,295.15
2214,230,2026-06-29,Giyim,2,1404.15
2215,221,2026-06-30,Kitap & Kırtasiye,4,205.12
2216,295,2026-06-30,Kitap & Kırtasiye,1,286.9
2217,115,2026-06-30,Gıda,2,354.53
2218,75,2026-06-30,Ev & Yaşam,1,2260.83
2219,320,2026-06-30,Kitap & Kırtasiye,2,262.08
2220,154,2026-06-30,Ev & Yaşam,4,2339.07
2221,269,2026-06-30,Kitap & Kırtasiye,1,241.68
2222,290,2026-07-01,Elektronik,1,11396.88
2223,309,2026-07-01,Ev & Yaşam,2,2540.6
2224,71,2026-07-01,Giyim,1,820.23
2225,288,2026-07-01,Kozmetik,1,770.09
2226,255,2026-07-01,Giyim,1,1421.8
2227,315,2026-07-01,Kitap & Kırtasiye,2,45.72
2228,14,2026-07-01,Elektronik,1,3796.34
2229,106,2026-07-02,Giyim,1,1193.66
2230,482,2026-07-02,Kozmetik,1,199.18
2231,348,2026-07-02,Gıda,4,284.91
2232,179,2026-07-02,Gıda,2,62.79
2233,425,2026-07-02,Kitap & Kırtasiye,3,219.71
2234,67,2026-07-02,Kitap & Kırtasiye,1,177.66
2235,435,2026-07-02,Ev & Yaşam,1,422.1
2236,321,2026-07-02,Gıda,2,381.38
2237,86,2026-07-03,Ev & Yaşam,1,237.41
2238,115,2026-07-03,Gıda,3,343.81
2239,309,2026-07-04,Giyim,1,664.64
2240,255,2026-07-04,Gıda,1,308.15
2241,397,2026-07-04,Gıda,1,220.76
2242,203,2026-07-04,Ev & Yaşam,1,865.9
2243,16,2026-07-04,Giyim,1,260.15
2244,269,2026-07-05,Gıda,1,155.52
2245,139,2026-07-05,Gıda,1,203.19
2246,193,2026-07-05,Gıda,1,53.48
2247,309,2026-07-06,Gıda,3,66.56
2248,425,2026-07-06,Giyim,1,1034.05
2249,391,2026-07-06,Giyim,1,288.65
2250,75,2026-07-06,Gıda,1,265.65
2251,481,2026-07-07,Giyim,1,783.7
2252,193,2026-07-07,Kozmetik,1,153.4
2253,180,2026-07-07,Kozmetik,1,209.66
2254,343,2026-07-07,Elektronik,1,2436.63
2255,447,2026-07-07,Gıda,2,51.34
2256,355,2026-07-07,Gıda,4,197.67
2257,372,2026-07-07,Giyim,1,1444.34
2258,316,2026-07-07,Gıda,2,172.3
2259,355,2026-07-07,Kozmetik,1,111.34
2260,135,2026-07-08,Ev & Yaşam,1,742.43
2261,456,2026-07-08,Giyim,2,765.73
2262,327,2026-07-08,Gıda,1,231.78
2263,462,2026-07-08,Kozmetik,2,457.42
2264,260,2026-07-08,Giyim,1,811.33
2265,479,2026-07-08,Gıda,4,344.44
2266,205,2026-07-08,Gıda,2,97.14
2267,318,2026-07-09,Giyim,2,1131.2
2268,149,2026-07-09,Gıda,3,184.56
2269,198,2026-07-09,Giyim,1,306.41
2270,195,2026-07-09,Giyim,2,570.45
2271,318,2026-07-09,Gıda,1,286.59
2272,394,2026-07-09,Kitap & Kırtasiye,4,52.25
2273,111,2026-07-10,Giyim,4,632.53
2274,456,2026-07-10,Elektronik,1,9651.77
2275,115,2026-07-10,Kozmetik,1,696.5
2276,291,2026-07-10,Elektronik,1,10715.95
2277,391,2026-07-10,Giyim,1,1226.57
2278,86,2026-07-11,Kitap & Kırtasiye,1,155.92
2279,149,2026-07-11,Kozmetik,3,228.19
2280,186,2026-07-11,Kitap & Kırtasiye,4,48.11
2281,475,2026-07-11,Elektronik,1,5471.41
2282,9,2026-07-11,Gıda,2,96.25
2283,52,2026-07-11,Ev & Yaşam,1,2598.28
2284,149,2026-07-11,Kozmetik,1,127.04
2285,283,2026-07-11,Giyim,1,329.24
2286,249,2026-07-12,Gıda,2,194.68
2287,269,2026-07-12,Gıda,2,182.38
2288,113,2026-07-12,Gıda,3,74.72
2289,319,2026-07-12,Gıda,3,152.31
2290,386,2026-07-12,Kozmetik,1,877.66
2291,315,2026-07-13,Gıda,1,364.07
2292,106,2026-07-13,Gıda,3,388.02
2293,53,2026-07-13,Gıda,1,279.91
2294,115,2026-07-13,Gıda,1,341.6
2295,62,2026-07-13,Gıda,1,85.59
2296,123,2026-07-13,Ev & Yaşam,1,1333.49
2297,183,2026-07-14,Elektronik,1,21266.09
2298,377,2026-07-14,Elektronik,1,8245.45
2299,211,2026-07-14,Ev & Yaşam,1,1164.25
2300,67,2026-07-14,Giyim,1,530.67
2301,377,2026-07-14,Gıda,1,345.75
2302,53,2026-07-14,Ev & Yaşam,1,1820.52
2303,102,2026-07-14,Gıda,3,77.48
2304,221,2026-07-14,Gıda,1,257.66
2305,133,2026-07-15,Gıda,1,239.92
2306,397,2026-07-15,Gıda,1,119.93
2307,179,2026-07-15,Gıda,1,147.69
2308,104,2026-07-15,Giyim,2,276.88
2309,343,2026-07-15,Gıda,2,167.23
2310,461,2026-07-15,Gıda,1,172.98
2311,242,2026-07-15,Giyim,2,1044.7
2312,84,2026-07-15,Giyim,3,956.67
2313,403,2026-07-16,Ev & Yaşam,1,404.78
2314,109,2026-07-16,Giyim,1,1330.99
2315,17,2026-07-16,Gıda,2,242.28
2316,232,2026-07-16,Gıda,1,197.54
2317,497,2026-07-16,Giyim,2,1399.85
2318,233,2026-07-16,Kitap & Kırtasiye,1,59.63
2319,26,2026-07-16,Ev & Yaşam,4,733.68
2320,403,2026-07-17,Ev & Yaşam,3,406.1
2321,75,2026-07-17,Giyim,2,607.79
2322,32,2026-07-17,Ev & Yaşam,2,428.17
2323,116,2026-07-17,Giyim,2,844.3
2324,425,2026-07-17,Kitap & Kırtasiye,1,256.48
2325,84,2026-07-17,Gıda,1,335.32
2326,224,2026-07-18,Kozmetik,1,431.8
2327,273,2026-07-18,Giyim,1,1267.96
2328,320,2026-07-18,Giyim,2,1330.98
2329,139,2026-07-18,Giyim,2,974.74
2330,280,2026-07-18,Ev & Yaşam,2,1337.11
2331,462,2026-07-18,Giyim,2,1002.88
2332,169,2026-07-18,Giyim,1,1475.41
2333,196,2026-07-19,Gıda,1,312.7
2334,221,2026-07-19,Gıda,1,361.29
2335,298,2026-07-19,Gıda,2,185.94
2336,125,2026-07-20,Gıda,1,76.78
2337,381,2026-07-20,Ev & Yaşam,2,1749.6
2338,121,2026-07-20,Elektronik,1,10596.46
2339,233,2026-07-20,Giyim,1,1246.83
2340,201,2026-07-20,Gıda,3,384.61
2341,193,2026-07-20,Kitap & Kırtasiye,2,247.91
2342,214,2026-07-20,Kozmetik,1,394.33
2343,380,2026-07-20,Giyim,1,785.58
2344,101,2026-07-21,Kitap & Kırtasiye,1,92.47
2345,441,2026-07-21,Elektronik,1,17723.19
2346,242,2026-07-21,Gıda,1,394.01
2347,38,2026-07-21,Ev & Yaşam,2,2973.38
2348,75,2026-07-21,Kitap & Kırtasiye,1,271.58
2349,456,2026-07-22,Ev & Yaşam,2,1991.6
2350,221,2026-07-22,Gıda,1,291.84
2351,320,2026-07-22,Gıda,3,308.46
2352,118,2026-07-22,Kozmetik,1,622.58
2353,133,2026-07-22,Kozmetik,1,827.07
2354,133,2026-07-23,Kitap & Kırtasiye,2,70.67
2355,12,2026-07-23,Kozmetik,1,847.65
2356,119,2026-07-23,Gıda,1,334.98
2357,392,2026-07-23,Gıda,1,156.7
2358,456,2026-07-23,Giyim,1,1241.78
2359,13,2026-07-23,Gıda,1,150.87
2360,92,2026-07-23,Gıda,2,150.41
2361,448,2026-07-23,Kozmetik,1,159.52
2362,407,2026-07-23,Giyim,2,614.87
2363,451,2026-07-24,Kozmetik,1,168.57
2364,294,2026-07-24,Giyim,1,623.83
2365,292,2026-07-24,Elektronik,1,21251.11
2366,387,2026-07-24,Elektronik,1,9666.49
2367,9,2026-07-24,Ev & Yaşam,1,1656.39
2368,366,2026-07-24,Gıda,2,75.81
2369,495,2026-07-24,Giyim,1,1172.12
2370,348,2026-07-25,Kitap & Kırtasiye,1,69.1
2371,428,2026-07-25,Giyim,1,1092.24
2372,196,2026-07-25,Giyim,1,953.02
2373,357,2026-07-25,Ev & Yaşam,1,2010.72
2374,410,2026-07-25,Giyim,1,1098.79
2375,13,2026-07-25,Ev & Yaşam,1,2526.15
2376,467,2026-07-25,Kozmetik,1,323.29
2377,314,2026-07-26,Gıda,2,89.15
2378,262,2026-07-26,Kozmetik,1,566.82
2379,186,2026-07-26,Giyim,1,1495.94
2380,83,2026-07-26,Ev & Yaşam,2,833.47
2381,112,2026-07-26,Gıda,2,385.32
2382,358,2026-07-27,Kozmetik,2,431.99
2383,324,2026-07-27,Elektronik,1,5427.92
2384,421,2026-07-27,Kozmetik,1,533.2
2385,386,2026-07-27,Gıda,1,219.68
2386,370,2026-07-27,Kitap & Kırtasiye,2,227.87
2387,315,2026-07-27,Gıda,2,351.34
2388,399,2026-07-27,Kozmetik,2,472.67
2389,320,2026-07-27,Gıda,3,65.19
2390,143,2026-07-27,Gıda,1,314.48
2391,259,2026-07-28,Kitap & Kırtasiye,3,169.91
2392,432,2026-07-28,Gıda,1,287.01
2393,205,2026-07-28,Gıda,4,203.44
2394,414,2026-07-28,Giyim,1,561.38
2395,469,2026-07-28,Giyim,1,1109.69
2396,194,2026-07-29,Ev & Yaşam,4,1218.7
2397,116,2026-07-29,Elektronik,1,21611.5
2398,13,2026-07-29,Giyim,1,1493.73
2399,191,2026-07-29,Gıda,4,208.97
2400,102,2026-07-29,Giyim,1,278.74
2401,90,2026-07-29,Giyim,1,704.4
2402,135,2026-07-29,Giyim,1,478.2
2403,67,2026-07-29,Gıda,2,65.19
2404,75,2026-07-29,Kozmetik,1,272.69
2405,108,2026-07-29,Gıda,3,373.21
2406,495,2026-07-29,Kozmetik,1,248.35
2407,258,2026-07-29,Ev & Yaşam,1,2279.0
2408,383,2026-07-29,Gıda,3,111.8
2409,495,2026-07-29,Ev & Yaşam,1,348.65
2410,435,2026-07-30,Ev & Yaşam,3,2723.49
2411,462,2026-07-30,Gıda,4,240.74
2412,495,2026-07-30,Kozmetik,2,667.37
2413,440,2026-07-30,Kozmetik,1,415.02
2414,215,2026-07-31,Kozmetik,1,489.3
2415,98,2026-07-31,Giyim,1,1306.56
2416,46,2026-07-31,Gıda,2,234.39
2417,75,2026-07-31,Ev & Yaşam,1,2439.58
2418,91,2026-07-31,Gıda,1,59.65
2419,495,2026-07-31,Ev & Yaşam,4,1726.27
2420,179,2026-07-31,Kozmetik,1,717.86
2421,86,2026-08-01,Giyim,1,1200.9
2422,86,2026-08-01,Ev & Yaşam,1,883.63
2423,294,2026-08-01,Gıda,1,73.23
2424,447,2026-08-01,Gıda,1,258.35
2425,141,2026-08-01,Gıda,2,194.62
2426,104,2026-08-01,Giyim,2,713.52
2427,67,2026-08-01,Gıda,1,283.81
2428,458,2026-08-01,Kozmetik,1,469.64
2429,314,2026-08-01,Ev & Yaşam,1,284.04
2430,103,2026-08-01,Kozmetik,2,296.8
2431,442,2026-08-01,Kozmetik,1,543.28
2432,315,2026-08-02,Ev & Yaşam,2,1070.37
2433,357,2026-08-02,Giyim,3,946.73
2434,23,2026-08-02,Giyim,2,513.78
2435,198,2026-08-02,Kozmetik,2,140.92
2436,262,2026-08-02,Gıda,2,55.71
2437,320,2026-08-02,Gıda,2,341.39
2438,495,2026-08-02,Kozmetik,1,435.27
2439,132,2026-08-03,Ev & Yaşam,2,963.41
2440,439,2026-08-03,Elektronik,1,24416.79
2441,142,2026-08-03,Giyim,1,535.69
2442,456,2026-08-03,Gıda,2,376.25
2443,294,2026-08-03,Gıda,1,360.9
2444,153,2026-08-03,Gıda,1,329.84
2445,219,2026-08-03,Elektronik,1,13227.5
2446,82,2026-08-04,Giyim,1,1368.89
2447,52,2026-08-04,Kitap & Kırtasiye,1,150.39
2448,295,2026-08-04,Gıda,1,199.96
2449,419,2026-08-04,Giyim,1,1459.65
2450,312,2026-08-04,Kitap & Kırtasiye,2,150.93
2451,96,2026-08-04,Gıda,3,330.1
2452,48,2026-08-04,Kozmetik,1,285.48
2453,195,2026-08-05,Gıda,1,219.14
2454,258,2026-08-05,Gıda,4,295.86
2455,173,2026-08-06,Kitap & Kırtasiye,4,259.45
2456,102,2026-08-06,Giyim,1,668.14
2457,467,2026-08-06,Gıda,1,103.81
2458,44,2026-08-06,Ev & Yaşam,1,2209.07
2459,95,2026-08-06,Ev & Yaşam,3,2607.09
2460,499,2026-08-06,Gıda,2,57.14
2461,133,2026-08-06,Kitap & Kırtasiye,1,244.6
2462,495,2026-08-06,Ev & Yaşam,1,1775.49
2463,205,2026-08-06,Gıda,1,399.33
2464,495,2026-08-07,Elektronik,1,20220.38
2465,183,2026-08-07,Ev & Yaşam,1,1766.74
2466,210,2026-08-07,Giyim,1,1025.98
2467,247,2026-08-07,Giyim,1,597.29
2468,363,2026-08-07,Gıda,2,108.02
2469,65,2026-08-08,Kozmetik,2,285.31
2470,115,2026-08-08,Elektronik,1,6084.98
2471,4,2026-08-08,Gıda,1,369.02
2472,468,2026-08-08,Gıda,1,296.52
2473,50,2026-08-08,Kitap & Kırtasiye,1,311.42
2474,233,2026-08-08,Kitap & Kırtasiye,1,330.97
2475,370,2026-08-08,Kitap & Kırtasiye,3,131.91
2476,200,2026-08-08,Ev & Yaşam,1,2648.9
2477,156,2026-08-09,Elektronik,1,7444.3
2478,370,2026-08-09,Gıda,3,243.52
2479,348,2026-08-09,Ev & Yaşam,1,2663.22
2480,495,2026-08-09,Gıda,3,60.33
2481,495,2026-08-09,Elektronik,1,4303.88
2482,16,2026-08-09,Elektronik,1,12418.22
2483,33,2026-08-09,Ev & Yaşam,1,1287.81
2484,207,2026-08-09,Elektronik,1,11450.86
2485,258,2026-08-10,Gıda,1,251.33
2486,13,2026-08-10,Kitap & Kırtasiye,1,383.05
2487,86,2026-08-10,Ev & Yaşam,2,1796.32
2488,159,2026-08-10,Elektronik,1,19342.19
2489,290,2026-08-11,Kitap & Kırtasiye,1,93.14
2490,180,2026-08-11,Gıda,1,286.11
2491,75,2026-08-11,Gıda,3,324.6
2492,196,2026-08-11,Giyim,1,1076.66
2493,337,2026-08-11,Giyim,1,698.94
2494,333,2026-08-12,Gıda,1,346.34
2495,451,2026-08-12,Ev & Yaşam,1,1503.12
2496,370,2026-08-12,Giyim,3,357.21
2497,221,2026-08-12,Gıda,3,223.41
2498,425,2026-08-12,Gıda,1,68.9
2499,179,2026-08-13,Gıda,3,105.01
2500,102,2026-08-13,Giyim,1,714.05
2501,441,2026-08-13,Kitap & Kırtasiye,1,188.83
2502,370,2026-08-13,Gıda,1,186.01
2503,131,2026-08-13,Kitap & Kırtasiye,1,149.35
2504,400,2026-08-14,Gıda,1,172.42
2505,411,2026-08-14,Gıda,1,120.75
2506,173,2026-08-14,Kitap & Kırtasiye,2,223.11
2507,439,2026-08-14,Kozmetik,2,714.94
2508,62,2026-08-15,Giyim,1,474.71
2509,456,2026-08-15,Kozmetik,2,241.24
2510,358,2026-08-15,Kozmetik,2,176.39
2511,20,2026-08-15,Kozmetik,1,264.92
2512,379,2026-08-15,Gıda,2,360.64
2513,26,2026-08-15,Kozmetik,1,287.82
2514,44,2026-08-16,Gıda,1,139.54
2515,259,2026-08-16,Kitap & Kırtasiye,2,216.58
2516,91,2026-08-16,Ev & Yaşam,2,2248.73
2517,437,2026-08-17,Elektronik,1,24059.02
2518,285,2026-08-17,Gıda,1,69.87
2519,495,2026-08-17,Kozmetik,1,112.94
2520,98,2026-08-17,Ev & Yaşam,1,1414.07
2521,214,2026-08-17,Kozmetik,1,841.04
2522,119,2026-08-17,Kitap & Kırtasiye,1,93.49
2523,113,2026-08-17,Gıda,2,331.76
2524,217,2026-08-17,Gıda,1,196.32
2525,377,2026-08-17,Giyim,1,1292.75
2526,425,2026-08-18,Giyim,2,1024.91
2527,201,2026-08-18,Giyim,1,309.27
2528,456,2026-08-18,Gıda,1,153.4
2529,106,2026-08-18,Giyim,1,507.79
2530,81,2026-08-18,Gıda,2,67.44
2531,12,2026-08-18,Kozmetik,1,775.69
2532,444,2026-08-18,Gıda,1,122.28
2533,115,2026-08-18,Giyim,2,1338.18
2534,411,2026-08-18,Giyim,2,827.77
2535,214,2026-08-19,Gıda,1,57.53
2536,320,2026-08-19,Gıda,2,285.11
2537,45,2026-08-19,Kitap & Kırtasiye,1,63.87
2538,131,2026-08-19,Ev & Yaşam,1,2201.07
2539,14,2026-08-19,Kitap & Kırtasiye,1,381.34
2540,495,2026-08-19,Gıda,1,151.08
2541,432,2026-08-19,Gıda,1,228.22
2542,54,2026-08-19,Ev & Yaşam,2,2351.3
2543,45,2026-08-20,Kitap & Kırtasiye,1,95.77
2544,115,2026-08-20,Giyim,1,642.19
2545,411,2026-08-20,Gıda,1,193.81
2546,102,2026-08-21,Kozmetik,1,866.91
2547,109,2026-08-21,Gıda,1,337.16
2548,315,2026-08-21,Kozmetik,1,295.64
2549,245,2026-08-21,Gıda,2,396.1
2550,45,2026-08-21,Gıda,2,162.61
2551,365,2026-08-21,Gıda,1,76.57
2552,394,2026-08-21,Gıda,1,298.48
2553,495,2026-08-21,Kozmetik,1,857.72
2554,109,2026-08-21,Ev & Yaşam,1,2067.11
2555,126,2026-08-21,Ev & Yaşam,1,2967.76
2556,343,2026-08-21,Gıda,4,266.66
2557,434,2026-08-21,Gıda,1,140.31
2558,443,2026-08-21,Gıda,1,138.64
2559,495,2026-08-21,Gıda,1,210.46
2560,291,2026-08-21,Giyim,2,815.87
2561,447,2026-08-22,Giyim,1,506.37
2562,160,2026-08-22,Ev & Yaşam,1,318.51
2563,416,2026-08-22,Gıda,2,294.26
2564,270,2026-08-22,Kozmetik,3,878.84
2565,414,2026-08-22,Gıda,3,131.16
2566,45,2026-08-22,Elektronik,1,20642.55
2567,240,2026-08-22,Gıda,1,220.46
2568,393,2026-08-23,Gıda,1,87.02
2569,308,2026-08-23,Kozmetik,2,149.23
2570,64,2026-08-23,Gıda,2,369.29
2571,434,2026-08-23,Ev & Yaşam,1,1201.78
2572,360,2026-08-23,Giyim,2,1136.93
2573,483,2026-08-23,Ev & Yaşam,1,2241.79
2574,39,2026-08-23,Giyim,1,453.36
2575,370,2026-08-23,Kitap & Kırtasiye,1,341.92
2576,325,2026-08-24,Giyim,1,621.34
2577,62,2026-08-24,Giyim,1,1204.46
2578,484,2026-08-24,Gıda,2,345.08
2579,315,2026-08-24,Ev & Yaşam,1,943.86
2580,380,2026-08-24,Elektronik,1,22209.98
2581,14,2026-08-24,Kitap & Kırtasiye,1,115.12
2582,240,2026-08-24,Kitap & Kırtasiye,1,211.18
2583,411,2026-08-25,Ev & Yaşam,2,1559.33
2584,361,2026-08-25,Kitap & Kırtasiye,1,326.36
2585,144,2026-08-25,Kozmetik,1,770.44
2586,400,2026-08-25,Kozmetik,1,634.33
2587,432,2026-08-25,Gıda,2,196.27
2588,401,2026-08-25,Gıda,1,171.19
2589,479,2026-08-26,Giyim,1,476.37
2590,242,2026-08-26,Gıda,1,93.44
2591,416,2026-08-26,Elektronik,1,16784.25
2592,352,2026-08-26,Giyim,1,1214.43
2593,81,2026-08-26,Ev & Yaşam,1,1348.9
2594,228,2026-08-27,Giyim,2,1084.81
2595,465,2026-08-27,Gıda,1,279.94
2596,168,2026-08-27,Kozmetik,1,884.48
2597,131,2026-08-27,Kozmetik,1,142.61
2598,308,2026-08-27,Ev & Yaşam,2,2392.16
2599,399,2026-08-27,Ev & Yaşam,1,841.81
2600,160,2026-08-27,Kozmetik,1,218.05
2601,357,2026-08-27,Kozmetik,1,104.22
2602,45,2026-08-27,Giyim,1,532.73
2603,394,2026-08-27,Kozmetik,1,488.32
2604,168,2026-08-28,Giyim,2,585.35
2605,370,2026-08-28,Kitap & Kırtasiye,1,343.81
2606,320,2026-08-28,Kitap & Kırtasiye,2,49.36
2607,314,2026-08-28,Giyim,2,900.05
2608,49,2026-08-28,Kozmetik,1,372.66
2609,236,2026-08-28,Gıda,2,85.9
2610,16,2026-08-28,Gıda,1,120.85
2611,120,2026-08-28,Giyim,2,1441.45
2612,167,2026-08-28,Kitap & Kırtasiye,1,46.05
2613,39,2026-08-28,Kozmetik,1,552.88
2614,45,2026-08-29,Kitap & Kırtasiye,1,273.71
2615,228,2026-08-29,Elektronik,1,23227.62
2616,193,2026-08-29,Ev & Yaşam,1,1043.33
2617,432,2026-08-29,Gıda,1,244.42
2618,228,2026-08-29,Gıda,1,370.41
2619,370,2026-08-30,Gıda,1,267.98
2620,193,2026-08-30,Kozmetik,3,266.04
2621,309,2026-08-30,Gıda,1,378.53
2622,265,2026-08-30,Gıda,3,221.99
2623,49,2026-08-30,Giyim,2,684.06
2624,123,2026-08-30,Ev & Yaşam,2,933.32
2625,249,2026-08-30,Kitap & Kırtasiye,4,96.37
2626,49,2026-08-30,Gıda,1,262.1
2627,340,2026-08-30,Kozmetik,2,754.21
2628,2,2026-08-30,Kitap & Kırtasiye,1,330.4
2629,165,2026-08-30,Ev & Yaşam,1,1545.97
2630,368,2026-08-30,Giyim,1,579.2
2631,456,2026-08-31,Elektronik,1,23836.56
2632,49,2026-08-31,Gıda,1,117.68
2633,414,2026-08-31,Ev & Yaşam,1,206.88
2634,340,2026-08-31,Gıda,1,304.47
2635,49,2026-08-31,Kozmetik,1,777.4
2636,86,2026-08-31,Gıda,1,337.44
2637,49,2026-08-31,Gıda,1,214.02
2638,102,2026-08-31,Gıda,3,124.51
2639,462,2026-08-31,Giyim,1,1155.17
2640,290,2026-08-31,Kozmetik,2,669.44
2641,201,2026-09-01,Gıda,1,259.28
2642,319,2026-09-01,Gıda,4,287.56
2643,202,2026-09-01,Giyim,2,321.08
2644,444,2026-09-01,Ev & Yaşam,1,535.55
2645,228,2026-09-01,Gıda,1,53.0
2646,309,2026-09-01,Kozmetik,1,514.17
2647,469,2026-09-01,Gıda,2,351.69
2648,411,2026-09-01,Kozmetik,1,705.23
2649,17,2026-09-01,Giyim,2,1463.67
2650,172,2026-09-02,Gıda,1,339.26
2651,28,2026-09-02,Giyim,4,749.27
2652,411,2026-09-02,Gıda,4,219.0
2653,39,2026-09-02,Gıda,1,307.64
2654,448,2026-09-02,Kozmetik,1,603.87
2655,369,2026-09-02,Gıda,1,290.36
2656,368,2026-09-02,Kozmetik,3,799.2
2657,88,2026-09-02,Elektronik,1,15535.79
2658,179,2026-09-02,Giyim,2,843.08
2659,228,2026-09-02,Elektronik,1,10728.24
2660,49,2026-09-02,Kozmetik,2,128.45
2661,91,2026-09-03,Elektronik,1,5263.44
2662,160,2026-09-03,Kozmetik,3,593.88
2663,219,2026-09-03,Gıda,2,281.29
2664,13,2026-09-03,Gıda,1,395.5
2665,439,2026-09-03,Gıda,1,315.55
2666,49,2026-09-04,Gıda,1,191.59
2667,428,2026-09-04,Kozmetik,2,165.44
2668,340,2026-09-04,Giyim,2,1443.39
2669,205,2026-09-04,Gıda,2,129.39
2670,395,2026-09-04,Gıda,3,52.66
2671,279,2026-09-04,Kozmetik,1,747.26
2672,228,2026-09-04,Gıda,3,234.05
2673,49,2026-09-04,Ev & Yaşam,2,1264.0
2674,395,2026-09-04,Elektronik,1,7801.3
2675,37,2026-09-04,Giyim,1,777.56
2676,221,2026-09-04,Kozmetik,1,442.67
2677,395,2026-09-04,Kozmetik,1,191.08
2678,349,2026-09-05,Gıda,1,279.24
2679,228,2026-09-05,Giyim,2,891.16
2680,98,2026-09-05,Kozmetik,1,677.52
2681,472,2026-09-05,Gıda,2,178.64
2682,399,2026-09-05,Giyim,1,305.44
2683,217,2026-09-05,Kozmetik,1,323.96
2684,340,2026-09-05,Gıda,1,66.97
2685,495,2026-09-05,Kozmetik,1,770.39
2686,365,2026-09-05,Giyim,1,1351.59
2687,456,2026-09-06,Kozmetik,2,469.37
2688,239,2026-09-06,Gıda,4,330.71
2689,129,2026-09-06,Kozmetik,2,885.32
2690,231,2026-09-06,Ev & Yaşam,1,2437.46
2691,321,2026-09-06,Elektronik,1,15655.08
2692,237,2026-09-06,Giyim,1,415.26
2693,432,2026-09-06,Gıda,1,250.24
2694,432,2026-09-06,Ev & Yaşam,1,1477.17
2695,495,2026-09-06,Giyim,1,778.05
2696,102,2026-09-06,Gıda,1,212.48
2697,75,2026-09-06,Gıda,3,317.44
2698,249,2026-09-06,Elektronik,1,7826.22
2699,495,2026-09-06,Ev & Yaşam,1,2713.21
2700,357,2026-09-06,Gıda,1,275.95
2701,98,2026-09-06,Ev & Yaşam,4,1507.49
2702,43,2026-09-06,Gıda,1,91.54
2703,237,2026-09-06,Giyim,1,1406.52
2704,308,2026-09-06,Kitap & Kırtasiye,1,265.17
2705,49,2026-09-07,Gıda,2,332.64
2706,105,2026-09-07,Gıda,2,83.12
2707,88,2026-09-07,Giyim,1,926.24
2708,397,2026-09-07,Gıda,4,313.32
2709,298,2026-09-07,Elektronik,1,21556.64
2710,129,2026-09-07,Kozmetik,2,438.5
2711,49,2026-09-07,Giyim,2,416.93
2712,37,2026-09-07,Gıda,1,172.27
2713,39,2026-09-07,Ev & Yaşam,2,1691.92
2714,45,2026-09-07,Giyim,1,592.59
2715,45,2026-09-08,Elektronik,1,14148.11
2716,495,2026-09-08,Elektronik,1,24466.9
2717,265,2026-09-08,Elektronik,1,18898.51
2718,314,2026-09-08,Kitap & Kırtasiye,1,195.23
2719,119,2026-09-08,Giyim,1,798.4
2720,340,2026-09-08,Gıda,3,228.78
2721,119,2026-09-08,Giyim,3,1164.11
2722,437,2026-09-08,Gıda,2,155.03
2723,486,2026-09-08,Ev & Yaşam,2,1639.15
2724,232,2026-09-08,Ev & Yaşam,2,1186.63
2725,13,2026-09-08,Gıda,3,163.54
2726,457,2026-09-08,Gıda,1,76.45
2727,400,2026-09-09,Gıda,1,380.29
2728,228,2026-09-09,Gıda,3,164.22
2729,193,2026-09-09,Elektronik,1,4179.16
2730,126,2026-09-09,Ev & Yaşam,3,266.01
2731,120,2026-09-09,Ev & Yaşam,1,1533.53
2732,149,2026-09-09,Kitap & Kırtasiye,1,354.42
2733,395,2026-09-10,Elektronik,1,8050.8
2734,495,2026-09-10,Gıda,1,262.86
2735,329,2026-09-10,Gıda,2,116.21
2736,13,2026-09-10,Kozmetik,4,704.17
2737,39,2026-09-10,Giyim,2,1373.54
2738,411,2026-09-10,Kozmetik,3,338.79
2739,49,2026-09-10,Kitap & Kırtasiye,1,75.87
2740,102,2026-09-10,Gıda,2,334.12
2741,213,2026-09-10,Gıda,1,393.05
2742,45,2026-09-10,Gıda,4,237.56
2743,370,2026-09-10,Ev & Yaşam,1,2630.5
2744,259,2026-09-10,Gıda,3,290.11
2745,137,2026-09-10,Gıda,2,258.42
2746,340,2026-09-10,Giyim,1,906.14
2747,228,2026-09-11,Gıda,1,358.62
2748,425,2026-09-11,Kitap & Kırtasiye,1,353.56
2749,75,2026-09-11,Kozmetik,1,494.49
2750,446,2026-09-11,Gıda,2,85.39
2751,49,2026-09-11,Gıda,2,96.42
2752,228,2026-09-11,Kozmetik,2,195.28
2753,399,2026-09-11,Gıda,2,274.54
2754,45,2026-09-11,Gıda,1,113.72
2755,45,2026-09-12,Kozmetik,1,241.47
2756,193,2026-09-12,Gıda,1,109.91
2757,97,2026-09-12,Kozmetik,2,566.93
2758,329,2026-09-12,Giyim,1,1495.4
2759,172,2026-09-12,Ev & Yaşam,1,1154.39
2760,414,2026-09-12,Giyim,1,586.8
2761,346,2026-09-12,Giyim,1,989.1
2762,224,2026-09-12,Gıda,1,123.71
2763,355,2026-09-12,Giyim,1,1404.29
2764,45,2026-09-12,Gıda,1,69.13
2765,290,2026-09-12,Kozmetik,3,198.71
2766,102,2026-09-12,Gıda,2,164.97
2767,117,2026-09-13,Gıda,1,305.34
2768,116,2026-09-13,Gıda,2,314.23
2769,193,2026-09-13,Gıda,1,116.78
2770,37,2026-09-13,Kitap & Kırtasiye,1,91.11
2771,75,2026-09-13,Ev & Yaşam,2,1996.55
2772,115,2026-09-13,Gıda,2,96.4
2773,468,2026-09-13,Ev & Yaşam,1,2148.1
2774,228,2026-09-13,Kozmetik,1,226.75
2775,340,2026-09-13,Gıda,1,309.15
2776,49,2026-09-14,Ev & Yaşam,3,2371.59
2777,88,2026-09-14,Giyim,1,1004.74
2778,221,2026-09-14,Gıda,1,185.57
2779,495,2026-09-14,Kitap & Kırtasiye,2,87.3
2780,315,2026-09-14,Gıda,1,142.87
2781,53,2026-09-14,Kozmetik,1,612.39
2782,192,2026-09-14,Gıda,2,263.43
2783,91,2026-09-14,Ev & Yaşam,1,902.8
2784,432,2026-09-14,Gıda,2,321.43
2785,149,2026-09-14,Ev & Yaşam,1,1185.11
2786,399,2026-09-14,Ev & Yaşam,1,2388.58
2787,109,2026-09-15,Kitap & Kırtasiye,2,279.72
2788,108,2026-09-15,Kozmetik,2,473.84
2789,218,2026-09-15,Elektronik,1,20130.34
2790,327,2026-09-15,Gıda,2,143.87
2791,469,2026-09-15,Ev & Yaşam,2,2027.07
2792,458,2026-09-15,Gıda,1,208.96
2793,493,2026-09-15,Kitap & Kırtasiye,1,113.14
2794,298,2026-09-15,Giyim,3,1057.51
2795,237,2026-09-16,Giyim,1,1450.18
2796,192,2026-09-16,Kitap & Kırtasiye,1,265.99
2797,377,2026-09-16,Giyim,1,556.08
2798,45,2026-09-16,Giyim,1,514.75
2799,312,2026-09-16,Giyim,1,1302.98
2800,416,2026-09-16,Giyim,1,430.58
2801,49,2026-09-16,Elektronik,1,14911.86
2802,462,2026-09-16,Ev & Yaşam,1,2456.68
2803,411,2026-09-16,Elektronik,1,11615.72
2804,60,2026-09-16,Kozmetik,2,137.93
2805,45,2026-09-16,Giyim,2,1023.54
2806,191,2026-09-16,Gıda,1,307.94
2807,377,2026-09-16,Gıda,1,58.79
2808,411,2026-09-16,Gıda,1,279.68
2809,57,2026-09-16,Giyim,2,576.89
2810,219,2026-09-16,Ev & Yaşam,1,2000.32
2811,237,2026-09-16,Giyim,1,764.79
2812,102,2026-09-17,Giyim,2,319.19
2813,317,2026-09-17,Gıda,1,392.02
2814,314,2026-09-17,Giyim,1,721.92
2815,49,2026-09-17,Elektronik,1,6037.24
2816,270,2026-09-17,Kozmetik,3,314.67
2817,474,2026-09-17,Kozmetik,1,198.27
2818,411,2026-09-17,Gıda,1,258.49
2819,26,2026-09-17,Elektronik,1,16379.93
2820,377,2026-09-17,Kitap & Kırtasiye,2,43.95
2821,483,2026-09-17,Elektronik,1,15699.85
2822,410,2026-09-17,Elektronik,1,2935.07
2823,364,2026-09-17,Gıda,1,241.45
2824,37,2026-09-18,Kozmetik,1,866.13
2825,41,2026-09-18,Gıda,1,378.69
2826,168,2026-09-18,Gıda,3,350.07
2827,49,2026-09-18,Kozmetik,1,543.5
2828,297,2026-09-18,Kozmetik,1,399.71
2829,74,2026-09-18,Kitap & Kırtasiye,1,139.86
2830,37,2026-09-18,Elektronik,1,14603.58
2831,391,2026-09-18,Giyim,1,313.39
2832,427,2026-09-18,Gıda,1,244.37
2833,201,2026-09-18,Ev & Yaşam,1,2680.7
2834,262,2026-09-18,Gıda,1,305.55
2835,126,2026-09-18,Ev & Yaşam,2,1095.71
2836,411,2026-09-18,Gıda,2,249.46
2837,158,2026-09-18,Kitap & Kırtasiye,3,307.54
2838,113,2026-09-19,Ev & Yaşam,1,2907.71
2839,411,2026-09-19,Gıda,4,374.3
2840,414,2026-09-19,Ev & Yaşam,2,2020.08
2841,45,2026-09-19,Gıda,1,245.54
2842,164,2026-09-19,Kozmetik,2,695.61
2843,17,2026-09-19,Kozmetik,1,193.07
2844,395,2026-09-19,Kozmetik,3,374.21
2845,37,2026-09-19,Giyim,1,712.85
2846,418,2026-09-19,Gıda,3,250.27
2847,179,2026-09-19,Giyim,3,908.86
2848,15,2026-09-19,Kozmetik,1,785.28
2849,237,2026-09-19,Gıda,1,77.02
2850,115,2026-09-20,Gıda,1,126.3
2851,213,2026-09-20,Giyim,1,989.51
2852,193,2026-09-20,Gıda,1,60.64
2853,318,2026-09-20,Gıda,1,324.56
2854,237,2026-09-20,Kozmetik,1,310.7
2855,259,2026-09-20,Gıda,3,270.85
2856,314,2026-09-20,Kozmetik,2,611.36
2857,164,2026-09-20,Gıda,2,386.33
2858,413,2026-09-20,Gıda,4,393.39
2859,49,2026-09-20,Gıda,2,93.47
2860,237,2026-09-20,Gıda,4,307.81
2861,274,2026-09-20,Elektronik,1,19994.65
2862,273,2026-09-20,Ev & Yaşam,1,1369.33
2863,45,2026-09-20,Gıda,1,267.1
2864,495,2026-09-21,Gıda,2,77.68
2865,49,2026-09-21,Kozmetik,2,160.52
2866,45,2026-09-21,Giyim,1,1363.55
2867,108,2026-09-21,Gıda,1,129.44
2868,327,2026-09-21,Kozmetik,1,823.71
2869,284,2026-09-21,Ev & Yaşam,1,2912.6
2870,5,2026-09-21,Gıda,2,209.9
2871,149,2026-09-21,Giyim,1,985.45
2872,77,2026-09-21,Gıda,2,76.48
2873,474,2026-09-21,Kozmetik,1,815.29
2874,133,2026-09-21,Gıda,1,365.3
2875,179,2026-09-21,Gıda,1,297.66
2876,319,2026-09-21,Kozmetik,1,120.65
2877,293,2026-09-22,Gıda,1,351.5
2878,60,2026-09-22,Gıda,1,71.62
2879,400,2026-09-22,Giyim,4,637.07
2880,414,2026-09-22,Gıda,1,290.55
2881,135,2026-09-22,Giyim,1,632.65
2882,321,2026-09-22,Elektronik,1,3410.1
2883,411,2026-09-22,Ev & Yaşam,1,2083.9
2884,389,2026-09-22,Giyim,4,768.27
2885,456,2026-09-22,Gıda,3,324.62
2886,82,2026-09-22,Ev & Yaşam,2,1564.53
2887,293,2026-09-22,Giyim,1,1140.37
2888,168,2026-09-22,Gıda,1,50.9
2889,495,2026-09-23,Kozmetik,1,673.02
2890,358,2026-09-23,Gıda,1,67.36
2891,102,2026-09-23,Giyim,1,865.11
2892,148,2026-09-23,Ev & Yaşam,1,1043.99
2893,160,2026-09-23,Ev & Yaşam,3,256.43
2894,474,2026-09-23,Giyim,2,517.21
2895,298,2026-09-23,Kitap & Kırtasiye,3,233.04
2896,218,2026-09-23,Kozmetik,1,658.63
2897,49,2026-09-23,Giyim,1,585.04
2898,19,2026-09-23,Giyim,2,700.85
2899,239,2026-09-24,Giyim,1,591.62
2900,192,2026-09-24,Gıda,1,351.78
2901,432,2026-09-24,Gıda,1,218.82
2902,9,2026-09-24,Elektronik,1,6326.55
2903,88,2026-09-24,Gıda,2,313.72
2904,293,2026-09-24,Kozmetik,1,766.62
2905,232,2026-09-24,Giyim,2,869.83
2906,474,2026-09-24,Gıda,3,299.77
2907,228,2026-09-24,Gıda,1,360.04
2908,98,2026-09-24,Gıda,1,331.16
2909,370,2026-09-24,Giyim,1,1494.52
2910,49,2026-09-24,Giyim,1,343.52
2911,192,2026-09-24,Kozmetik,1,763.17
2912,237,2026-09-24,Kitap & Kırtasiye,2,351.25
2913,168,2026-09-24,Kozmetik,1,368.26
2914,103,2026-09-24,Giyim,1,448.12
2915,495,2026-09-24,Gıda,1,342.84
2916,193,2026-09-25,Kitap & Kırtasiye,1,67.84
2917,299,2026-09-25,Kitap & Kırtasiye,3,231.2
2918,293,2026-09-25,Gıda,1,139.44
2919,64,2026-09-25,Gıda,2,284.76
2920,446,2026-09-25,Kitap & Kırtasiye,1,253.02
2921,293,2026-09-25,Gıda,1,331.73
2922,237,2026-09-25,Gıda,2,395.93
2923,432,2026-09-25,Giyim,1,1053.98
2924,326,2026-09-25,Elektronik,1,16886.39
2925,305,2026-09-25,Giyim,1,458.43
2926,91,2026-09-25,Kozmetik,2,142.29
2927,343,2026-09-25,Giyim,2,348.58
2928,299,2026-09-25,Giyim,1,1420.91
2929,139,2026-09-25,Gıda,1,291.66
2930,274,2026-09-25,Elektronik,1,2881.9
2931,164,2026-09-26,Gıda,1,216.28
2932,327,2026-09-26,Kozmetik,3,715.78
2933,293,2026-09-26,Giyim,1,644.39
2934,324,2026-09-26,Kozmetik,1,893.19
2935,340,2026-09-26,Gıda,2,84.04
2936,102,2026-09-26,Kitap & Kırtasiye,2,186.48
2937,293,2026-09-26,Gıda,1,363.71
2938,299,2026-09-26,Giyim,1,548.09
2939,49,2026-09-26,Kitap & Kırtasiye,1,212.06
2940,49,2026-09-26,Giyim,1,345.24
2941,228,2026-09-26,Giyim,3,724.59
2942,413,2026-09-26,Ev & Yaşam,1,1630.69
2943,293,2026-09-26,Gıda,2,179.47
2944,50,2026-09-27,Elektronik,1,2330.64
2945,456,2026-09-27,Gıda,2,58.48
2946,164,2026-09-27,Ev & Yaşam,4,1770.79
2947,108,2026-09-27,Giyim,1,865.97
2948,495,2026-09-27,Gıda,1,262.33
2949,192,2026-09-27,Kozmetik,1,390.02
2950,293,2026-09-27,Giyim,2,302.92
2951,129,2026-09-27,Kozmetik,1,383.8
2952,237,2026-09-27,Ev & Yaşam,2,1107.6
2953,293,2026-09-27,Giyim,1,1148.13
2954,205,2026-09-27,Giyim,4,965.46
2955,424,2026-09-27,Gıda,2,117.67
2956,39,2026-09-27,Gıda,2,366.61
2957,420,2026-09-27,Ev & Yaşam,1,2026.94
2958,45,2026-09-28,Kozmetik,1,247.75
2959,233,2026-09-28,Giyim,1,672.29
2960,119,2026-09-28,Ev & Yaşam,1,1685.33
2961,293,2026-09-28,Kozmetik,1,582.58
2962,399,2026-09-28,Gıda,3,220.48
2963,62,2026-09-28,Elektronik,1,6419.73
2964,75,2026-09-28,Ev & Yaşam,1,2423.68
2965,495,2026-09-28,Giyim,2,556.92
2966,121,2026-09-28,Giyim,1,1247.5
2967,411,2026-09-29,Giyim,1,1467.57
2968,49,2026-09-29,Gıda,3,139.51
2969,60,2026-09-29,Ev & Yaşam,4,2737.63
2970,412,2026-09-29,Kozmetik,1,460.67
2971,412,2026-09-29,Gıda,2,210.16
2972,49,2026-09-29,Giyim,3,1204.06
2973,237,2026-09-29,Gıda,1,385.34
2974,322,2026-09-29,Gıda,1,210.01
2975,201,2026-09-29,Kozmetik,1,174.25
2976,218,2026-09-29,Giyim,1,634.51
2977,214,2026-09-29,Gıda,2,288.37
2978,60,2026-09-29,Giyim,4,317.51
2979,49,2026-09-29,Ev & Yaşam,1,1128.98
2980,412,2026-09-29,Ev & Yaşam,1,160.18
2981,60,2026-09-29,Kozmetik,1,173.87
2982,424,2026-09-29,Gıda,2,336.14
2983,179,2026-09-29,Gıda,2,266.54
2984,49,2026-09-30,Ev & Yaşam,1,818.56
2985,395,2026-09-30,Kitap & Kırtasiye,3,168.73
2986,33,2026-09-30,Giyim,2,708.16
2987,293,2026-09-30,Kozmetik,2,321.19
2988,369,2026-09-30,Kitap & Kırtasiye,2,364.85
2989,412,2026-09-30,Ev & Yaşam,1,1726.1
2990,361,2026-09-30,Giyim,2,1335.96
2991,140,2026-09-30,Kozmetik,2,264.27
2992,318,2026-09-30,Gıda,1,111.4
2993,237,2026-09-30,Gıda,2,322.2
2994,288,2026-09-30,Giyim,1,315.77
2995,293,2026-09-30,Gıda,2,250.54
2996,49,2026-09-30,Gıda,2,311.38
2997,153,2026-09-30,Gıda,1,217.5
2998,372,2026-09-30,Gıda,2,132.48
2999,179,2026-09-30,Elektronik,1,2715.61
3000,412,2026-09-30,Kitap & Kırtasiye,1,261.67
